ad_last_update,air_conditioner,balcony,bath_num,built_in_wardrobe,chimney,construct_date,energetic_certif,floor,garage,garden,house_id,house_type,lift,loc_city,loc_district,loc_full,loc_neigh,loc_zone,m2_real,m2_useful,obtention_date,price,reduced_mobility,room_num,storage_room,swimming_pool,terrace,condition_condition,condition_segunda mano/buen estado,condition_segunda mano/para reformar,heating_calefacción central,heating_calefacción central: gas,heating_calefacción central: gasoil,heating_calefacción individual,heating_calefacción individual: eléctrica,heating_calefacción individual: gas natural,heating_calefacción individual: gas propano/butano,heating_calefacción individual: gasoil,heating_heating,heating_no dispone de calefacción,orientation_este,"orientation_este, oeste",orientation_norte,"orientation_norte, este","orientation_norte, este, oeste","orientation_norte, oeste","orientation_norte, sur","orientation_norte, sur, este","orientation_norte, sur, este, oeste","orientation_norte, sur, oeste",orientation_oeste,orientation_orientation,orientation_sur,"orientation_sur, este","orientation_sur, este, oeste","orientation_sur, oeste"
Anuncio actualizado el 11 de abril,0,0,1.0,1,0,,en trámite,bajo exterior,1,0,81670307,15,1,Zamora,Distrito Pantoja - Vista Alegre," Avenida de Valladolid, 3 , Distrito Pantoja - Vista Alegre , Zamora , Área de Zamora, Zamora ","Avenida de Valladolid, 3","Área de Zamora, Zamora",60,,2019-04-11,320,0,1.0,1,0,1,False,True,False,False,False,False,False,False,False,False,False,False,False,False,False,False,False,False,False,False,False,False,False,False,False,False,False,False,False
más de 2 meses sin actualizar,0,0,2.0,0,0,,no indicado,planta 3ª exterior,0,0,83217510,15,0,Zamora,Distrito Los Bloques," Calle de Diego de Almagro, 1 , Distrito Los Bloques , Zamora , Área de Zamora, Zamora ","Calle de Diego de Almagro, 1","Área de Zamora, Zamora",110,,2019-04-11,360,0,4.0,0,0,0,False,True,False,False,False,False,False,False,False,False,False,False,False,False,False,False,False,False,False,False,False,False,False,False,False,False,False,False,False
más de 2 meses sin actualizar,0,0,2.0,0,0,,,,1,1,83235101,16,,San Cristobal de Entreviñas,"Calle Lordemanos, 1"," Calle Lordemanos, 1 , San Cristobal de Entreviñas , Benavente, Zamora ",,"Benavente, Zamora",130,,2019-04-11,350,0,3.0,1,0,1,False,True,False,False,False,False,False,False,False,False,False,False,False,False,False,False,False,False,False,False,False,False,False,False,False,False,False,False,False
más de 2 meses sin actualizar,0,0,2.0,0,0,,no indicado,,1,0,83628506,17,,Fuentesauco,"Calle Vista Alegre, 13"," Calle Vista Alegre, 13 , Fuentesauco , Tierra del Vino - La Guareña, Zamora ",,"Tierra del Vino - La Guareña, Zamora",135,,2019-04-11,400,0,3.0,1,0,1,False,True,False,False,False,False,False,False,False,False,False,False,False,False,False,False,False,False,False,False,False,False,False,False,False,False,False,False,False
más de 2 meses sin actualizar,0,0,2.0,0,0,,no indicado,planta 4ª exterior,0,0,83888721,15,1,Zamora,Distrito Pantoja - Vista Alegre," Avenida de Valladolid, 1 , Distrito Pantoja - Vista Alegre , Zamora , Área de Zamora, Zamora ","Avenida de Valladolid, 1","Área de Zamora, Zamora",77,,2019-04-11,450,0,3.0,0,0,0,False,True,False,False,False,False,False,False,False,False,False,False,False,False,False,False,False,False,False,False,False,False,False,False,False,False,False,False,False
más de 2 meses sin actualizar,0,0,1.0,0,0,,no indicado,planta 1ª exterior,0,0,81773102,15,0,Benavente,"Calle Ancho, 4"," Calle Ancho, 4 , Benavente , Zamora ",,Zamora,68,,2019-04-11,280,0,3.0,0,0,0,False,True,False,False,False,False,False,False,False,False,False,False,False,False,False,False,False,False,False,False,False,False,False,False,False,False,False,False,False
más de 2 meses sin actualizar,1,0,2.0,1,0,,en trámite,planta 6ª exterior,0,0,29031417,18,1,Zamora,Distrito La Candelaria," Calle Candelaria Ruiz del Árbol, 8 -6ºB , Distrito La Candelaria , Zamora , Área de Zamora, Zamora ","Calle Candelaria Ruiz del Árbol, 8 -6ºB","Área de Zamora, Zamora",109,90,2019-04-11,420,0,3.0,1,0,1,False,True,False,False,False,False,False,False,False,False,False,False,False,False,False,False,False,False,False,True,False,False,False,False,False,False,False,False,False
más de 2 meses sin actualizar,0,0,1.0,1,0,,,planta 2ª exterior,1,0,25248195,15,0,Villalpando,"Plaza Mayor, 20"," Plaza Mayor, 20 , Villalpando , Tierra de Campos, Zamora ",,"Tierra de Campos, Zamora",60,55,2019-04-11,280,0,1.0,1,0,0,False,True,False,False,False,False,False,False,False,False,False,False,False,False,False,True,False,False,False,False,False,False,False,False,False,False,False,False,False
más de 2 meses sin actualizar,0,0,1.0,1,0,,en trámite,bajo exterior,1,0,27375396,15,1,Zamora,Distrito Centro," Calle Zapatería, 28 , Distrito Centro , Zamora , Área de Zamora, Zamora ","Calle Zapatería, 28","Área de Zamora, Zamora",50,45,2019-04-11,400,0,1.0,1,0,1,False,True,False,False,False,False,False,False,False,False,False,False,False,False,False,True,False,False,False,False,False,False,False,False,False,False,False,False,False
más de 2 meses sin actualizar,0,0,1.0,0,0,,,planta 4ª exterior,0,0,83774333,15,1,Zamora,Distrito Los Bloques," Carretera de la Aldehuela, 19 , Distrito Los Bloques , Zamora , Área de Zamora, Zamora ","Carretera de la Aldehuela, 19","Área de Zamora, Zamora",80,78,2019-04-11,450,1,3.0,0,0,0,False,True,False,False,False,False,True,False,False,False,False,False,False,False,False,False,False,False,False,False,False,False,False,False,False,False,False,False,False
más de 2 meses sin actualizar,0,0,3.0,0,0,,no indicado,3 plantas,1,0,29423829,17,,Galende,"Carretera Barrio, 24"," Carretera Barrio, 24 , Galende , Sanabria, Zamora ",,"Sanabria, Zamora",50,,2019-04-11,620,0,3.0,1,0,0,False,True,False,False,False,False,False,False,False,False,False,False,False,False,False,False,False,False,False,False,False,False,False,False,False,False,False,False,False
más de 2 meses sin actualizar,0,1,2.0,1,0,,no indicado,planta 3ª exterior,0,0,34326116,18,0,Galende,"Carretera barrio, 35"," Carretera barrio, 35 , Galende , Sanabria, Zamora ",,"Sanabria, Zamora",75,68,2019-04-11,350,0,2.0,1,0,1,False,True,False,False,False,False,False,False,False,False,False,False,False,False,False,False,False,False,False,False,False,False,False,False,False,False,False,True,False
más de 2 meses sin actualizar,0,1,1.0,1,0,,inmueble exento,planta 1ª exterior,1,0,39988389,15,1,Bermillo de Sayago,"Avenida Guardia Civil, 1"," Avenida Guardia Civil, 1 , Bermillo de Sayago , Área de Sayago, Zamora ",,"Área de Sayago, Zamora",80,60,2019-04-11,375,0,2.0,0,0,1,False,True,False,False,False,False,False,True,False,False,False,False,False,False,False,True,False,False,False,False,False,False,False,False,False,False,False,False,False
Anuncio actualizado el 31 de marzo,0,0,2.0,0,0,,no indicado,,0,0,326309,17,,El Cubo de Tierra del Vino,"Calle Mayor, 38"," Calle Mayor, 38 , El Cubo de Tierra del Vino , Tierra del Vino - La Guareña, Zamora ",,"Tierra del Vino - La Guareña, Zamora",100,,2019-04-11,350,0,3.0,0,0,0,False,True,False,False,False,False,False,False,False,False,False,False,False,False,False,False,False,False,False,False,False,False,False,False,False,False,False,False,False
Anuncio actualizado el 19 de septiembre,0,0,2.0,0,0,,no indicado,planta 1ª,1,0,39669159,15,1,Zamora,Distrito Centro," , Distrito Centro , Zamora , Área de Zamora, Zamora ",,"Área de Zamora, Zamora",90,,2019-04-11,600,0,3.0,0,0,0,False,True,False,False,False,False,False,False,False,False,False,False,False,False,False,False,False,False,False,False,False,False,False,False,False,False,False,False,False
Anuncio actualizado el 26 de febrero,0,0,3.0,0,0,,no indicado,,1,0,84450771,17,,Zamora,Distrito Barrio Pinilla," Calle Fray Antón Martín, 2 , Distrito Barrio Pinilla , Zamora , Área de Zamora, Zamora ","Calle Fray Antón Martín, 2","Área de Zamora, Zamora",174,,2019-04-11,550,0,5.0,0,0,0,False,True,False,False,False,False,False,False,False,False,False,False,False,False,False,False,False,False,False,False,False,False,False,False,False,False,False,False,False
Anuncio actualizado el 14 de marzo,0,0,1.0,0,0,,en trámite,planta 1ª exterior,0,0,84661957,15,0,Toro,"Calle Amor de Dios, 11"," Calle Amor de Dios, 11 , Toro , Alfoz de Toro, Zamora ",,"Alfoz de Toro, Zamora",90,,2019-04-11,300,0,3.0,0,0,0,False,True,False,False,False,False,False,False,False,False,False,False,False,False,False,False,False,False,False,False,False,False,False,False,False,False,False,False,False
Anuncio actualizado el 14 de marzo,0,0,2.0,0,0,,no indicado,planta 2ª exterior,0,0,84659891,15,1,Benavente,"Calle Ermita de San Lázaro, 3"," Calle Ermita de San Lázaro, 3 , Benavente , Zamora ",,Zamora,84,,2019-04-11,350,0,3.0,0,0,1,False,True,False,False,False,False,False,False,False,False,False,False,False,False,False,False,False,False,False,False,False,False,False,False,False,False,False,False,False
Anuncio actualizado el 20 de marzo,0,0,1.0,0,0,,no indicado,planta 6ª exterior,0,0,84738159,15,1,Zamora,Distrito Ensanche," Avenida del Príncipe de Asturias, 37 , Distrito Ensanche , Zamora , Área de Zamora, Zamora ","Avenida del Príncipe de Asturias, 37","Área de Zamora, Zamora",85,,2019-04-11,400,0,3.0,0,0,1,False,True,False,False,False,False,False,False,False,False,False,False,False,False,False,False,False,False,False,False,False,False,False,False,False,False,False,False,False
Anuncio actualizado el 26 de marzo,0,0,1.0,0,0,,no indicado,planta 2ª exterior,0,0,84814121,15,0,Benavente,"Calle San Antón, 17"," Calle San Antón, 17 , Benavente , Zamora ",,Zamora,98,,2019-04-11,400,0,3.0,0,0,1,False,True,False,False,False,False,False,False,False,False,False,False,False,False,False,False,False,False,False,False,False,False,False,False,False,False,False,False,False
Anuncio actualizado el 13 de marzo,0,0,1.0,0,0,,,,0,0,83063744,15,0,Zamora,Distrito La Candelaria," , Distrito La Candelaria , Zamora , Área de Zamora, Zamora ",,"Área de Zamora, Zamora",104,,2019-04-11,460,0,4.0,0,0,0,False,True,False,False,False,False,False,False,False,False,False,False,False,False,False,False,False,False,False,False,False,False,False,False,False,False,False,False,False
Anuncio actualizado el 3 de abril,0,0,2.0,0,0,,no indicado,planta 1ª exterior,1,1,27965720,15,0,Monfarracinos,"Calle los Palacios, 31"," Calle los Palacios, 31 , Monfarracinos , Área de Zamora, Zamora ",,"Área de Zamora, Zamora",105,90,2019-04-11,300,0,3.0,1,0,0,False,True,False,False,False,False,False,False,False,False,False,False,False,False,False,False,False,False,False,False,False,False,False,False,False,False,False,False,False
Anuncio actualizado el 4 de abril,0,0,2.0,0,0,,no indicado,planta 4ª exterior,1,0,84945403,15,1,Benavente,"Calle San Vicente, 5"," Calle San Vicente, 5 , Benavente , Zamora ",,Zamora,100,,2019-04-11,400,0,3.0,1,0,1,False,True,False,False,False,False,False,False,False,False,False,False,False,False,False,False,False,False,False,False,False,False,False,False,False,False,False,False,False
Anuncio actualizado el 26 de septiembre,0,1,1.0,0,0,1975,no indicado,planta 5ª exterior,0,0,35988968,15,1,Zamora,Distrito Centro," , Distrito Centro , Zamora , Área de Zamora, Zamora ",,"Área de Zamora, Zamora",101,90,2019-04-11,450,0,4.0,0,0,0,False,True,False,False,False,False,False,False,False,False,False,False,False,False,False,False,False,False,False,False,False,False,False,False,False,False,False,False,False
Anuncio actualizado el 26 de septiembre,0,1,1.0,0,0,1975,no indicado,planta 5ª exterior,0,0,35988970,15,1,Zamora,Distrito Centro," , Distrito Centro , Zamora , Área de Zamora, Zamora ",,"Área de Zamora, Zamora",101,90,2019-04-11,450,0,4.0,0,0,0,False,True,False,False,False,False,False,False,False,False,False,False,False,False,False,False,False,False,False,False,False,False,False,False,False,False,False,False,False
Anuncio actualizado el 27 de septiembre,0,1,1.0,1,0,2008,no indicado,planta 3ª,1,0,81797008,18,1,Morales del Vino,," , Morales del Vino , Área de Zamora, Zamora ",,"Área de Zamora, Zamora",72,58,2019-04-11,400,1,2.0,1,0,1,False,False,False,False,False,False,False,False,False,False,False,False,False,False,False,False,False,False,False,False,False,False,False,False,False,False,False,False,False
Anuncio actualizado el 27 de septiembre,0,1,2.0,1,0,2008,no indicado,planta 1ª,1,0,81814806,15,1,Morales del Vino,," , Morales del Vino , Área de Zamora, Zamora ",,"Área de Zamora, Zamora",104,84,2019-04-11,450,0,3.0,1,0,1,False,False,False,False,False,False,False,False,False,False,False,False,False,False,False,True,False,False,False,False,False,False,False,False,False,False,False,False,False
Anuncio actualizado el 27 de septiembre,0,1,2.0,1,0,2008,no indicado,bajo,1,0,81814807,15,1,Morales del Vino,," , Morales del Vino , Área de Zamora, Zamora ",,"Área de Zamora, Zamora",83,67,2019-04-11,450,1,3.0,1,0,1,False,False,False,False,False,False,False,False,False,False,False,False,False,False,False,False,False,False,False,False,False,False,False,False,False,False,False,False,False
Anuncio actualizado el 27 de septiembre,0,0,2.0,1,0,2008,no indicado,bajo,1,0,81814808,15,1,Morales del Vino,," , Morales del Vino , Área de Zamora, Zamora ",,"Área de Zamora, Zamora",81,66,2019-04-11,450,1,3.0,1,0,0,False,False,False,False,False,False,False,False,False,False,False,False,False,False,False,False,False,False,False,False,False,False,False,False,False,False,False,False,False
Anuncio actualizado el 22 de marzo,0,0,1.0,1,0,,,,0,1,83176478,15,,Zamora,Distrito Barrio Pinilla," , Distrito Barrio Pinilla , Zamora , Área de Zamora, Zamora ",,"Área de Zamora, Zamora",51,50,2019-04-11,385,0,1.0,0,0,0,False,True,False,False,False,False,False,False,False,False,False,False,False,False,False,False,False,False,False,False,False,False,False,False,False,False,False,False,False
Anuncio actualizado el 24 de noviembre,0,0,1.0,0,0,,no indicado,planta 4ª,0,0,83271953,15,1,Zamora,Distrito La Lana," , Distrito La Lana , Zamora , Área de Zamora, Zamora ",,"Área de Zamora, Zamora",96,80,2019-04-11,450,0,3.0,1,0,0,False,True,False,False,False,False,False,False,False,False,False,False,False,False,False,False,False,False,False,False,False,False,False,False,False,False,False,False,False
Anuncio actualizado el 14 de febrero,0,1,2.0,0,0,1985,en trámite,planta 2ª,1,0,38182187,15,1,Zamora,Distrito Hiniesta - Villapando," , Distrito Hiniesta - Villapando , Zamora , Área de Zamora, Zamora ",,"Área de Zamora, Zamora",110,95,2019-04-11,380,0,4.0,0,0,0,False,True,False,False,False,False,False,False,False,False,False,False,False,False,False,False,False,False,False,True,False,False,False,False,False,False,False,False,False
Anuncio actualizado el 5 de abril,0,1,1.0,1,0,2003,,planta 1ª,0,0,36300807,15,1,Zamora,Distrito La Lana," , Distrito La Lana , Zamora , Área de Zamora, Zamora ",,"Área de Zamora, Zamora",84,73,2019-04-11,400,1,3.0,0,0,0,False,True,False,False,False,False,False,False,False,False,False,False,False,False,False,True,False,False,False,False,False,False,False,False,False,False,False,False,False
Anuncio actualizado el 28 de febrero,0,0,2.0,0,0,,en trámite,planta 1ª exterior,0,0,82549773,15,0,Benavente,"Calle San Andrés, 10"," Calle San Andrés, 10 , Benavente , Zamora ",,Zamora,120,,2019-04-11,300,0,4.0,0,0,0,False,True,False,False,False,False,False,False,False,False,False,False,False,False,False,False,False,False,False,False,False,False,False,False,False,False,False,False,False
Anuncio actualizado el 7 de abril,0,0,1.0,0,0,,,planta 3ª exterior,0,0,82584274,15,0,Zamora,Distrito Ensanche," Calle Campo de Marte, 6 , Distrito Ensanche , Zamora , Área de Zamora, Zamora ","Calle Campo de Marte, 6","Área de Zamora, Zamora",80,,2019-04-11,350,0,3.0,0,0,0,False,True,False,False,False,False,False,False,False,False,False,False,False,False,False,False,False,False,False,False,False,False,False,False,False,False,False,False,False
Anuncio actualizado el 6 de abril,0,0,3.0,0,0,,en trámite,planta 3ª,1,0,84272724,15,1,Zamora,Distrito Casco Antiguo," , Distrito Casco Antiguo , Zamora , Área de Zamora, Zamora ",,"Área de Zamora, Zamora",180,150,2019-04-11,600,0,4.0,0,0,0,False,True,False,False,False,False,False,False,False,False,False,False,False,False,False,False,False,False,False,False,False,False,False,False,False,False,False,False,False
Anuncio actualizado el 1 de abril,1,1,1.0,1,0,,,planta 2ª exterior,1,0,36836754,15,0,Toro,Urb. En el centro de Toro," Calle de San Lorenzo el Real, 17 , Urb. En el centro de Toro , Toro , Alfoz de Toro, Zamora ","Calle de San Lorenzo el Real, 17","Alfoz de Toro, Zamora",60,55,2019-04-11,300,1,1.0,1,0,1,False,True,False,False,False,False,False,False,True,False,False,False,False,False,False,False,False,False,False,False,False,False,False,False,False,True,False,False,False
Anuncio actualizado el 5 de febrero,0,1,2.0,0,0,,,2 plantas,0,1,39742935,16,,Villardeciervos,"Carretera de las Viñas, 1"," Carretera de las Viñas, 1 , Villardeciervos , Sanabria, Zamora ",,"Sanabria, Zamora",600,120,2019-04-11,300,0,3.0,1,0,0,False,True,False,False,False,False,False,False,False,False,False,False,False,False,False,False,False,False,False,False,False,False,False,False,False,False,False,False,False
Anuncio actualizado el 7 de abril,0,1,2.0,0,0,,,2 plantas,1,1,83861025,17,,Barcial del Barco,"Calle Villafafila, 7"," Calle Villafafila, 7 , Barcial del Barco , Benavente, Zamora ",,"Benavente, Zamora",120,99,2019-04-11,250,0,3.0,0,0,0,False,True,False,False,False,False,False,True,False,False,False,False,False,False,False,False,False,False,False,False,False,False,False,False,False,False,False,False,False
Anuncio actualizado el 14 de febrero,0,0,2.0,1,0,,no indicado,2 plantas,1,0,32532582,17,,La Hiniesta,"Calle iglesia, 10 -12"," Calle iglesia, 10 -12 , La Hiniesta , Área de Zamora, Zamora ",,"Área de Zamora, Zamora",200,190,2019-04-11,400,0,3.0,1,1,1,False,True,False,False,False,False,False,False,False,False,False,False,False,False,False,False,False,False,False,False,False,False,False,False,False,True,False,False,False
Anuncio actualizado el 7 de abril,0,0,1.0,0,0,,,planta 2ª exterior,0,0,311725,15,0,Monfarracinos,"Camino Zamora, 57"," Camino Zamora, 57 , Monfarracinos , Área de Zamora, Zamora ",,"Área de Zamora, Zamora",115,,2019-04-11,310,0,3.0,0,0,0,False,True,False,False,False,False,False,False,False,False,False,False,False,False,False,False,False,False,False,False,False,False,False,False,False,False,False,False,False
Anuncio actualizado el 14 de diciembre,0,0,1.0,0,0,1975,,planta 5ª exterior,0,0,27229786,15,1,Zamora,Distrito Centro," , Distrito Centro , Zamora , Área de Zamora, Zamora ",,"Área de Zamora, Zamora",104,95,2019-04-11,450,0,4.0,0,0,0,False,True,False,False,False,False,False,False,False,False,False,False,False,False,False,False,False,False,False,False,False,False,False,False,False,False,False,False,False
Anuncio actualizado el 4 de marzo,0,0,2.0,0,0,,en trámite,planta 1ª exterior,0,0,36458862,15,1,Benavente,"Avenida el Ferial, 29"," Avenida el Ferial, 29 , Benavente , Zamora ",,Zamora,115,85,2019-04-11,330,0,3.0,0,0,1,False,True,False,False,False,False,False,False,False,False,False,False,False,False,False,False,False,False,False,False,False,False,False,False,False,False,False,False,False
Anuncio actualizado el 26 de septiembre,0,1,1.0,0,0,1989,no indicado,planta 4ª exterior,0,0,27229626,15,1,Zamora,Distrito Las Vegas - La Feria," , Distrito Las Vegas - La Feria , Zamora , Área de Zamora, Zamora ",,"Área de Zamora, Zamora",120,100,2019-04-11,490,0,3.0,0,0,0,False,True,False,False,False,False,False,False,False,False,False,False,False,False,False,False,False,False,False,False,False,False,False,False,False,False,False,False,False
Anuncio actualizado el 19 de septiembre,0,0,2.0,0,0,2008,no indicado,planta 4ª exterior,1,0,32313780,15,1,Zamora,Distrito La Candelaria," , Distrito La Candelaria , Zamora , Área de Zamora, Zamora ",,"Área de Zamora, Zamora",60,,2019-04-11,550,0,2.0,0,1,0,False,True,False,False,False,False,False,False,False,False,False,False,False,False,False,False,False,False,False,False,False,False,False,False,False,False,False,False,False
Anuncio actualizado el 22 de enero,0,1,1.0,0,0,1978,,planta 2ª,1,0,83221223,15,1,Zamora,Distrito La Candelaria," , Distrito La Candelaria , Zamora , Área de Zamora, Zamora ",,"Área de Zamora, Zamora",128,100,2019-04-11,410,0,4.0,0,0,0,False,False,True,False,False,False,False,False,False,False,False,False,False,False,False,False,False,False,False,False,False,False,False,False,False,False,False,False,False
Anuncio actualizado el 5 de marzo,0,0,2.0,0,0,1977,,planta 2ª,0,0,83567046,15,0,Zamora,Distrito Ensanche," , Distrito Ensanche , Zamora , Área de Zamora, Zamora ",,"Área de Zamora, Zamora",95,80,2019-04-11,500,0,4.0,0,0,0,False,True,False,False,False,False,False,False,False,False,False,False,False,False,False,False,False,False,False,False,False,False,False,False,False,False,False,False,False
Anuncio actualizado el 3 de abril,0,0,1.0,0,0,,,planta 4ª exterior,0,0,39771671,15,1,Zamora,Distrito Barrio Pinilla," , Distrito Barrio Pinilla , Zamora , Área de Zamora, Zamora ",,"Área de Zamora, Zamora",80,75,2019-04-11,380,0,3.0,0,0,0,False,True,False,False,False,False,False,False,False,False,False,False,False,False,False,False,False,False,False,False,False,False,False,False,False,False,False,False,False
Anuncio actualizado el 19 de febrero,0,0,1.0,0,0,,no indicado,planta 5ª exterior,0,0,84115227,15,1,Zamora,Distrito La Candelaria," Plaza de Grijalba, 19 , Distrito La Candelaria , Zamora , Área de Zamora, Zamora ","Plaza de Grijalba, 19","Área de Zamora, Zamora",83,,2019-04-11,450,1,3.0,1,0,0,False,True,False,False,False,False,False,False,True,False,False,False,False,False,False,False,False,False,False,False,False,False,False,False,False,False,False,False,False
Anuncio actualizado el 2 de febrero,0,0,1.0,0,0,1988,no indicado,planta 3ª,0,0,84132422,15,1,Zamora,Distrito Ensanche," , Distrito Ensanche , Zamora , Área de Zamora, Zamora ",,"Área de Zamora, Zamora",113,100,2019-04-11,420,0,4.0,0,0,0,False,True,False,False,False,False,False,False,False,False,False,False,False,False,False,False,False,False,False,False,False,False,False,False,False,False,False,False,False
Anuncio actualizado el 23 de febrero,0,0,3.0,1,0,,no indicado,,0,1,84412834,16,,Zamora,Distrito San Isidro - Espíritu Santo," , Distrito San Isidro - Espíritu Santo , Zamora , Área de Zamora, Zamora ",,"Área de Zamora, Zamora",340,,2019-04-11,950,0,6.0,1,1,0,False,True,False,False,False,False,False,False,False,False,False,False,False,False,False,False,False,False,False,False,False,False,False,False,False,False,False,False,False
Anuncio actualizado el 13 de marzo,0,0,2.0,0,0,,,,0,0,84309784,15,0,Zamora,Distrito La Lana," Calle del Maestro Antón , Distrito La Lana , Zamora , Área de Zamora, Zamora ",Calle del Maestro Antón,"Área de Zamora, Zamora",131,111,2019-04-11,585,0,4.0,0,0,0,False,True,False,False,False,False,False,False,False,False,False,False,False,False,False,False,False,False,False,False,False,False,False,False,False,False,False,False,False
Anuncio actualizado el 25 de marzo,0,0,1.0,0,0,,no indicado,1 planta,1,1,1983337,16,,Cobreros,Urb. Quintana de Sanabria," Calle San Pelayo, 62 , Urb. Quintana de Sanabria , Cobreros , Sanabria, Zamora ","Calle San Pelayo, 62","Sanabria, Zamora",120,50,2019-04-11,275,0,2.0,1,0,1,False,True,False,False,False,False,False,False,False,False,False,False,False,False,False,False,False,False,False,False,False,False,False,False,False,True,False,False,False
Anuncio actualizado el 20 de febrero,0,0,1.0,1,0,,no indicado,planta 3ª exterior,0,0,2099874,15,1,Zamora,Distrito Ensanche," Calle Ciudad de Braganza, 4 , Distrito Ensanche , Zamora , Área de Zamora, Zamora ","Calle Ciudad de Braganza, 4","Área de Zamora, Zamora",80,78,2019-04-11,350,0,3.0,0,0,0,False,True,False,False,False,False,False,False,False,False,False,False,False,False,False,False,False,False,False,False,False,False,False,False,False,True,False,False,False
Anuncio actualizado el 17 de marzo,0,0,1.0,0,0,,no indicado,,1,0,2102572,17,,Ferreras de Arriba,"Calle Palero, 5"," Calle Palero, 5 , Ferreras de Arriba , Sanabria, Zamora ",,"Sanabria, Zamora",150,95,2019-04-11,325,0,3.0,0,0,0,False,True,False,False,False,False,False,False,False,False,False,False,False,False,False,False,False,False,False,False,False,False,False,False,False,True,False,False,False
Anuncio actualizado el 9 de abril,0,0,2.0,1,0,,no indicado,planta 5ª exterior,1,1,2169848,18,1,Benavente,"Calle Ermita de San Lorenzo, 3"," Calle Ermita de San Lorenzo, 3 , Benavente , Zamora ",,Zamora,70,,2019-04-11,400,1,2.0,0,0,0,False,True,False,False,False,False,False,False,False,False,False,False,False,False,False,False,False,False,False,False,False,False,False,False,False,False,False,False,False
Anuncio actualizado el 8 de abril,0,0,2.0,0,1,,inmueble exento,2 plantas,0,1,34264879,19,,Muelas del Pan,"Calle iglesia, 25"," Calle iglesia, 25 , Muelas del Pan , Área de Zamora, Zamora ",,"Área de Zamora, Zamora",100,176,2019-04-11,600,0,4.0,1,0,1,False,True,False,False,False,False,False,False,False,False,False,False,False,False,False,False,False,False,False,False,False,False,False,False,False,False,False,False,False
Anuncio actualizado el 5 de abril,0,0,1.0,0,0,,no indicado,1 planta,1,1,1694152,16,,Zamora,Distrito Los Bloques," Carretera Coreses, 47 , Distrito Los Bloques , Zamora , Área de Zamora, Zamora ","Carretera Coreses, 47","Área de Zamora, Zamora",1000,450,2019-04-11,400,0,4.0,0,0,0,False,True,False,False,False,False,False,False,False,False,False,False,False,False,False,False,False,False,False,False,False,False,False,False,False,False,False,False,False
Anuncio actualizado el 7 de abril,0,0,2.0,0,0,,inmueble exento,3 plantas,0,0,35512254,16,,San Justo,"Calle Barrio Bajo Rab, 11"," Calle Barrio Bajo Rab, 11 , San Justo , Sanabria, Zamora ",,"Sanabria, Zamora",95,90,2019-04-11,300,0,3.0,0,0,0,False,True,False,False,False,False,False,False,False,False,False,False,False,False,False,False,False,False,False,False,False,False,False,False,False,False,False,False,False
Anuncio actualizado el 7 de abril,0,0,1.0,0,0,,en trámite,planta 4ª exterior,0,0,35536130,15,1,Zamora,Distrito Las Vegas - La Feria," Plaza Puentica, 7 , Distrito Las Vegas - La Feria , Zamora , Área de Zamora, Zamora ","Plaza Puentica, 7","Área de Zamora, Zamora",110,100,2019-04-11,400,0,3.0,0,0,1,False,True,False,False,False,False,False,False,False,False,False,False,False,False,False,False,False,False,False,False,False,False,False,False,False,True,False,False,False
Anuncio actualizado el 9 de abril,0,0,1.0,1,0,,en trámite,planta 3ª exterior,1,1,38162769,15,1,Benavente,"Calle la Rosaleda, 1"," Calle la Rosaleda, 1 , Benavente , Zamora ",,Zamora,65,63,2019-04-11,330,0,1.0,0,0,1,False,True,False,False,False,False,False,False,False,False,False,False,False,False,False,True,False,False,False,False,False,False,False,False,False,False,False,False,False
Anuncio actualizado el 11 de febrero,0,0,2.0,1,0,,inmueble exento,2 plantas,0,0,34792827,17,,Asturianos,"Calle Mayor, 61"," Calle Mayor, 61 , Asturianos , Sanabria, Zamora ",,"Sanabria, Zamora",200,140,2019-04-11,600,0,3.0,1,0,1,False,True,False,False,False,False,False,False,False,False,False,False,False,False,False,False,False,False,False,False,False,False,False,False,False,False,True,False,False
Anuncio actualizado el 9 de abril,0,0,1.0,1,0,,no indicado,2 plantas,1,0,81303698,16,,Zamora,Distrito Los Bloques," Calle Hermanos Pinzón, 4 , Distrito Los Bloques , Zamora , Área de Zamora, Zamora ","Calle Hermanos Pinzón, 4","Área de Zamora, Zamora",113,88,2019-04-11,450,0,3.0,0,0,0,False,True,False,False,False,False,False,False,False,False,False,False,False,False,True,False,False,False,False,False,False,False,False,False,False,False,False,False,False
Anuncio actualizado el 22 de marzo,0,1,3.0,1,0,,en trámite,planta 3ª exterior,0,0,82476765,15,1,Zamora,Distrito Ensanche," Avenida de Víctor Gallego, 1 .3º , Distrito Ensanche , Zamora , Área de Zamora, Zamora ","Avenida de Víctor Gallego, 1 .3º","Área de Zamora, Zamora",210,,2019-04-11,550,0,5.0,0,0,1,False,True,False,False,False,True,False,False,False,False,False,False,False,False,False,False,False,False,False,False,False,False,False,False,False,False,False,False,False
Anuncio actualizado el 8 de abril,0,0,2.0,1,0,,,planta 4ª exterior,0,0,82561307,15,1,Zamora,Distrito Ensanche," Calle Toro, 1 , Distrito Ensanche , Zamora , Área de Zamora, Zamora ","Calle Toro, 1","Área de Zamora, Zamora",100,,2019-04-11,450,0,3.0,0,0,1,False,True,False,False,False,False,False,False,False,False,False,False,False,False,False,False,False,False,False,False,False,False,False,False,False,False,False,False,False
Anuncio actualizado el 10 de marzo,0,1,2.0,1,0,,,planta 3ª exterior,0,0,28217297,15,1,Zamora,Distrito Centro," Puerta Nueva, 9 , Distrito Centro , Zamora , Área de Zamora, Zamora ","Puerta Nueva, 9","Área de Zamora, Zamora",104,78,2019-04-11,450,0,3.0,1,0,1,False,True,False,False,False,True,False,False,False,False,False,False,False,False,False,False,False,False,False,False,False,False,False,True,False,False,False,False,False
Anuncio actualizado el 25 de febrero,0,0,1.0,1,0,,en trámite,planta 3ª exterior,1,1,27855166,18,1,Zamora,Distrito Barrio Pinilla," Calle Madridanos, 8 , Distrito Barrio Pinilla , Zamora , Área de Zamora, Zamora ","Calle Madridanos, 8","Área de Zamora, Zamora",117,85,2019-04-11,430,0,2.0,1,0,1,False,True,False,False,False,False,False,False,False,False,False,False,False,False,False,False,False,False,False,False,False,False,False,False,False,False,False,False,False
Anuncio actualizado el 1 de abril,0,1,2.0,1,0,,,planta 1ª exterior,1,0,27308189,20,0,Zamora,Distrito Casco Antiguo," Calle los Notarios, 6 , Distrito Casco Antiguo , Zamora , Área de Zamora, Zamora ","Calle los Notarios, 6","Área de Zamora, Zamora",160,140,2019-04-11,650,0,4.0,1,0,0,False,True,False,False,False,True,False,False,False,False,False,False,False,False,False,False,False,False,False,False,False,False,False,False,False,True,False,False,False
Anuncio actualizado el 1 de abril,0,0,1.0,0,0,,no indicado,1 planta,0,1,27509725,16,,Pobladura del Valle,"Carretera Madrid-Coruna, 2"," Carretera Madrid-Coruna, 2 , Pobladura del Valle , Benavente, Zamora ",,"Benavente, Zamora",90,80,2019-04-11,200,0,2.0,0,0,0,False,True,False,False,False,False,False,False,False,False,False,False,False,False,False,False,False,True,False,False,False,False,False,False,False,False,False,False,False
Anuncio actualizado el 7 de abril,0,0,2.0,1,0,,en trámite,planta 3ª exterior,1,0,84137087,15,1,Zamora,Distrito Pantoja - Vista Alegre," Avenida del Cardenal Cisneros, 66 , Distrito Pantoja - Vista Alegre , Zamora , Área de Zamora, Zamora ","Avenida del Cardenal Cisneros, 66","Área de Zamora, Zamora",141,109,2019-04-11,600,1,4.0,1,0,1,False,True,False,False,False,False,False,False,False,False,False,False,False,False,False,False,False,False,False,False,False,False,False,False,False,False,False,False,False
Anuncio actualizado el 22 de marzo,0,0,1.0,1,0,,en trámite,planta 2ª exterior,0,0,84210265,15,1,Zamora,Distrito La Candelaria," Calle de Alonso de Tejada, 39 , Distrito La Candelaria , Zamora , Área de Zamora, Zamora ","Calle de Alonso de Tejada, 39","Área de Zamora, Zamora",36,,2019-04-11,370,0,1.0,0,0,0,False,True,False,False,False,False,False,False,False,False,False,False,False,False,False,False,False,False,False,False,False,False,False,False,False,True,False,False,False
Anuncio actualizado el 21 de marzo,0,0,1.0,0,1,,,1 planta,0,0,40061354,19,,Asturianos,"Calle Iglesia Lagarej, 1"," Calle Iglesia Lagarej, 1 , Asturianos , Sanabria, Zamora ",,"Sanabria, Zamora",100,,2019-04-11,350,1,4.0,1,0,0,False,True,False,False,False,False,False,False,False,False,False,False,False,False,False,False,False,False,False,False,False,False,False,False,False,True,False,False,False
Anuncio actualizado el 31 de marzo,0,1,1.0,1,0,,inmueble exento,entreplanta exterior,0,0,29062363,15,0,Toro,"Calle Fito, 6"," Calle Fito, 6 , Toro , Alfoz de Toro, Zamora ",,"Alfoz de Toro, Zamora",80,78,2019-04-11,330,0,3.0,0,0,1,False,True,False,False,False,False,True,False,False,False,False,False,False,False,False,False,False,False,False,False,False,False,False,False,False,True,False,False,False
Anuncio actualizado el 9 de abril,0,1,1.0,1,0,,no indicado,planta 1ª exterior,1,0,84415626,15,1,Zamora,Distrito Los Bloques," Calle Colón, 22 , Distrito Los Bloques , Zamora , Área de Zamora, Zamora ","Calle Colón, 22","Área de Zamora, Zamora",68,54,2019-04-11,450,0,2.0,0,0,0,False,True,False,False,False,False,False,False,False,False,False,False,False,False,False,False,False,False,False,True,False,False,False,False,False,False,False,False,False
Anuncio actualizado el 6 de marzo,0,0,1.0,0,0,,en trámite,planta 2ª exterior,0,0,84480066,15,1,Benavente,"Ronda de la Florida, 1 , 2°C"," Ronda de la Florida, 1 , 2°C , Benavente , Zamora ",,Zamora,110,90,2019-04-11,350,0,3.0,1,0,1,False,True,False,False,False,False,False,False,False,False,False,False,False,False,False,False,False,False,False,False,False,False,False,False,False,False,False,False,False
Anuncio actualizado el 10 de marzo,0,0,1.0,1,0,,no indicado,planta 1ª exterior,0,0,84533582,15,0,Mombuey,"Carretera Villacastin Vigo, 29"," Carretera Villacastin Vigo, 29 , Mombuey , Sanabria, Zamora ",,"Sanabria, Zamora",81,,2019-04-11,300,0,3.0,0,0,0,False,True,False,False,False,False,False,False,False,False,False,False,False,False,False,False,False,False,False,False,False,False,False,False,False,False,False,False,True
Anuncio actualizado el 26 de marzo,0,0,2.0,1,0,,no indicado,1 planta,0,1,84775030,16,,Puebla de Sanabria,"Carretera Estación, 11"," Carretera Estación, 11 , Puebla de Sanabria , Sanabria, Zamora ",,"Sanabria, Zamora",1500,70,2019-04-11,400,0,2.0,1,0,1,False,True,False,False,False,False,False,False,False,False,False,False,False,False,False,False,False,False,False,False,False,False,False,False,False,False,False,False,False
Anuncio actualizado el 3 de abril,0,0,1.0,0,0,1970,no indicado,planta 2ª,0,0,27229316,15,0,Zamora,Distrito La Lana," , Distrito La Lana , Zamora , Área de Zamora, Zamora ",,"Área de Zamora, Zamora",87,60,2019-04-11,330,0,2.0,0,0,0,False,True,False,False,False,False,False,False,False,False,False,False,False,False,False,False,False,False,True,False,False,False,False,False,False,False,False,False,False
Anuncio actualizado el 18 de marzo,0,0,1.0,0,0,1965,no indicado,planta 3ª,0,0,84692758,15,1,Zamora,Distrito Centro," , Distrito Centro , Zamora , Área de Zamora, Zamora ",,"Área de Zamora, Zamora",66,55,2019-04-11,390,1,1.0,0,0,0,False,True,False,False,False,False,False,False,False,False,False,False,False,False,False,False,False,False,False,False,False,False,False,False,False,False,False,False,False
Anuncio actualizado el 8 de abril,0,0,1.0,0,0,,no indicado,planta 1ª exterior,1,0,84910629,15,0,Monfarracinos,"Calle Cubillos, 26"," Calle Cubillos, 26 , Monfarracinos , Área de Zamora, Zamora ",,"Área de Zamora, Zamora",71,,2019-04-11,375,0,1.0,1,0,1,False,True,False,False,False,False,False,False,False,False,False,False,False,False,False,False,False,False,False,False,False,False,False,False,False,False,False,False,False
Anuncio actualizado el 10 de abril,0,0,1.0,0,0,,,bajo,0,0,83222955,15,0,Zamora,Distrito Barrio Pinilla," Calle Santiuste , Distrito Barrio Pinilla , Zamora , Área de Zamora, Zamora ",Calle Santiuste,"Área de Zamora, Zamora",52,50,2019-04-11,385,0,1.0,0,0,0,False,True,False,False,False,False,False,False,False,False,False,False,False,False,False,False,False,False,False,False,False,False,False,False,False,False,False,False,False
Anuncio actualizado el 10 de abril,0,0,1.0,0,0,,,bajo,0,0,83222980,15,0,Zamora,Distrito Casco Antiguo," Calle De las Doncellas , Distrito Casco Antiguo , Zamora , Área de Zamora, Zamora ",Calle De las Doncellas,"Área de Zamora, Zamora",61,,2019-04-11,440,0,2.0,0,0,0,False,True,False,False,False,False,False,False,False,False,False,False,False,False,False,False,False,False,False,False,False,False,False,False,False,False,False,False,False
Anuncio actualizado el 13 de marzo,0,0,1.0,0,0,,,planta 1ª,0,0,84506542,15,0,Zamora,Distrito Casco Antiguo," Calle De las Doncellas , Distrito Casco Antiguo , Zamora , Área de Zamora, Zamora ",Calle De las Doncellas,"Área de Zamora, Zamora",74,,2019-04-11,465,0,2.0,0,0,0,False,True,False,False,False,False,False,False,False,False,False,False,False,False,False,False,False,False,False,False,False,False,False,False,False,False,False,False,False
Anuncio actualizado el 10 de abril,0,1,1.0,0,0,,en trámite,planta 2ª,1,0,83333568,15,1,Zamora,Distrito La Candelaria," Calle Cid , Distrito La Candelaria , Zamora , Área de Zamora, Zamora ",Calle Cid,"Área de Zamora, Zamora",115,100,2019-04-11,410,0,4.0,0,0,0,False,True,False,False,False,False,False,False,False,False,False,False,False,False,False,False,False,False,False,False,False,False,False,False,False,False,False,False,False
Anuncio actualizado el 10 de abril,0,0,1.0,0,0,,,planta 4ª,0,0,83794761,15,1,Zamora,Distrito La Candelaria," Plaza de Grijalba , Distrito La Candelaria , Zamora , Área de Zamora, Zamora ",Plaza de Grijalba,"Área de Zamora, Zamora",74,69,2019-04-11,425,0,3.0,1,0,1,False,True,False,False,False,False,True,False,False,False,False,False,False,True,False,False,False,False,False,False,False,False,False,False,False,False,False,False,False
Anuncio actualizado el 19 de marzo,0,0,2.0,1,0,1995,en trámite,planta 1ª exterior,1,0,84590450,15,1,Zamora,Distrito La Candelaria," CORBETA , Distrito La Candelaria , Zamora , Área de Zamora, Zamora ",CORBETA,"Área de Zamora, Zamora",106,86,2019-04-11,565,0,3.0,1,1,0,False,True,False,False,False,False,False,False,True,False,False,False,False,False,False,False,False,False,False,False,False,False,False,False,False,False,False,False,False
Anuncio actualizado el 17 de marzo,0,0,1.0,0,0,,en trámite,planta 2ª exterior,0,0,84601577,15,1,Zamora,Distrito Pantoja - Vista Alegre," Avenida Federico Cantero Villamil , Distrito Pantoja - Vista Alegre , Zamora , Área de Zamora, Zamora ",Avenida Federico Cantero Villamil,"Área de Zamora, Zamora",94,80,2019-04-11,420,1,3.0,0,0,0,False,True,False,False,False,True,False,False,False,False,False,False,False,False,False,False,False,False,False,False,False,False,False,False,False,False,False,False,False
Anuncio actualizado el 5 de abril,0,0,1.0,1,0,,no indicado,planta 6ª exterior,0,0,1857005,15,1,Benavente,"Avenida Libertad, 14"," Avenida Libertad, 14 , Benavente , Zamora ",,Zamora,90,86,2019-04-11,300,0,3.0,0,0,0,False,True,False,False,False,False,False,False,False,False,False,False,False,False,False,False,False,False,False,False,False,False,False,False,False,False,False,False,False
Anuncio actualizado el 8 de abril,0,1,1.0,1,0,,,planta 2ª exterior,0,0,84835433,15,1,Benavente,"Ronda San Bernardo, 2"," Ronda San Bernardo, 2 , Benavente , Zamora ",,Zamora,90,72,2019-04-11,350,0,3.0,0,0,1,False,True,False,False,False,False,False,False,False,False,False,False,False,False,False,False,False,False,False,False,False,False,False,True,False,False,False,False,False
Anuncio actualizado el 4 de abril,0,0,1.0,1,0,,,planta 3ª exterior,1,0,25746104,15,1,Zamora,Distrito La Candelaria," Doctor Olivares, 50 , Distrito La Candelaria , Zamora , Área de Zamora, Zamora ","Doctor Olivares, 50","Área de Zamora, Zamora",80,75,2019-04-11,470,0,2.0,0,0,0,False,True,False,False,False,False,False,False,False,False,False,False,False,False,False,False,False,False,False,False,False,False,False,False,False,False,True,False,False
Anuncio actualizado el 28 de marzo,0,0,1.0,0,0,,en trámite,planta 5ª exterior,0,0,34886449,18,1,Benavente,"Via del Canal, 59"," Via del Canal, 59 , Benavente , Zamora ",,Zamora,82,,2019-04-11,330,0,2.0,0,0,1,False,True,False,False,False,False,False,False,True,False,False,False,False,False,False,False,False,False,False,False,False,False,False,False,False,False,False,False,False
Anuncio actualizado el 26 de diciembre,0,1,2.0,0,0,,,planta 1ª exterior,0,0,83681266,15,1,Benavente,"Calle PASADIZO SAN NICOLAS, 6"," Calle PASADIZO SAN NICOLAS, 6 , Benavente , Zamora ",,Zamora,100,,2019-04-11,300,0,3.0,0,0,0,False,True,False,False,False,False,True,False,False,False,False,False,False,False,False,False,False,False,False,False,False,False,False,True,False,False,False,False,False
Anuncio actualizado el 31 de marzo,0,0,2.0,0,0,,inmueble exento,1 planta,1,0,39331762,19,,Villabuena del Puente,"Alameda 14, 14"," Alameda 14, 14 , Villabuena del Puente , Tierra del Vino - La Guareña, Zamora ",,"Tierra del Vino - La Guareña, Zamora",2000,,2019-04-11,300,0,4.0,1,0,0,False,True,False,False,False,False,False,False,False,False,False,False,False,False,False,False,False,False,False,True,False,False,False,False,False,False,False,False,False
Anuncio actualizado el 22 de marzo,0,0,1.0,1,0,,,,0,0,83176442,15,,Zamora,Distrito Casco Antiguo," , Distrito Casco Antiguo , Zamora , Área de Zamora, Zamora ",,"Área de Zamora, Zamora",60,,2019-04-11,440,0,2.0,0,0,1,False,True,False,False,False,False,False,False,False,False,False,False,False,False,False,False,False,False,False,False,False,False,False,False,False,False,False,False,False
Anuncio actualizado el 9 de marzo,0,0,1.0,1,0,,,,0,0,83176444,15,,Zamora,Distrito Casco Antiguo," , Distrito Casco Antiguo , Zamora , Área de Zamora, Zamora ",,"Área de Zamora, Zamora",74,,2019-04-11,465,0,2.0,0,0,0,False,True,False,False,False,False,False,False,False,False,False,False,False,False,False,False,False,False,False,False,False,False,False,False,False,False,False,False,False
Anuncio actualizado el 28 de marzo,0,1,2.0,0,0,2007,,planta 6ª exterior,1,0,36482653,20,1,Zamora,Distrito Barrio Pinilla," , Distrito Barrio Pinilla , Zamora , Área de Zamora, Zamora ",,"Área de Zamora, Zamora",75,61,2019-04-11,400,0,2.0,1,0,1,False,True,False,False,False,False,False,False,False,False,False,False,False,False,False,False,False,False,False,False,False,False,False,True,False,False,False,False,False
Anuncio actualizado el 27 de enero,0,0,1.0,0,0,1961,no indicado,planta 1ª exterior,0,0,84044557,15,0,Zamora,Distrito La Lana," , Distrito La Lana , Zamora , Área de Zamora, Zamora ",,"Área de Zamora, Zamora",81,70,2019-04-11,350,0,2.0,0,0,0,False,True,False,False,False,False,False,False,False,False,False,False,False,True,False,False,False,False,False,False,False,False,False,False,False,False,False,False,False
Anuncio actualizado el 10 de abril,0,1,2.0,1,0,,no indicado,planta 1ª,1,0,84569819,15,1,Zamora,Distrito La Candelaria," Carretera de la Aldehuela , Distrito La Candelaria , Zamora , Área de Zamora, Zamora ",Carretera de la Aldehuela,"Área de Zamora, Zamora",100,85,2019-04-11,500,0,3.0,1,0,1,False,False,False,False,False,False,False,False,False,False,False,False,False,False,False,False,False,False,False,False,False,False,False,False,False,False,False,False,False
Anuncio actualizado el 2 de enero,0,0,1.0,0,0,,,planta 3ª,0,0,83707382,15,1,Zamora,Distrito Los Bloques," Calle Argentina, 33 , Urb. 22753-0003 , Distrito Los Bloques , Zamora , Área de Zamora, Zamora ",Urb. 22753-0003,"Área de Zamora, Zamora",55,,2019-04-11,420,0,1.0,0,0,0,False,False,False,False,False,False,False,False,False,False,False,False,False,False,False,False,False,False,False,False,False,False,False,False,False,False,False,False,False
Anuncio actualizado el 7 de abril,0,0,3.0,0,0,,no indicado,3 plantas,0,0,83600380,16,,Villardeciervos,"Plaza Mayor, 22"," Plaza Mayor, 22 , Villardeciervos , Sanabria, Zamora ",,"Sanabria, Zamora",142,,2019-04-11,450,0,2.0,0,0,0,False,True,False,False,False,False,False,False,False,True,False,False,False,False,False,False,False,False,False,False,False,False,False,False,False,False,False,False,False
Anuncio actualizado el 21 de marzo,0,0,2.0,1,0,2008,,planta 4ª exterior,1,0,84496073,15,1,Benavente,"Via del Canal, Benavente, 186"," Via del Canal, Benavente, 186 , Benavente , Zamora ",,Zamora,85,,2019-04-11,350,1,3.0,0,0,1,False,True,False,False,False,False,False,False,True,False,False,False,False,False,False,False,False,False,False,False,False,False,False,False,False,False,False,False,False
Anuncio actualizado el 7 de abril,0,0,2.0,1,0,,,1 planta,1,1,39049494,16,,Roales,"Calle general franco, 24"," Calle general franco, 24 , Roales , Área de Zamora, Zamora ",,"Área de Zamora, Zamora",700,,2019-04-11,525,0,3.0,0,0,1,False,True,False,False,False,False,False,False,False,False,False,False,False,False,False,True,False,False,False,False,False,False,False,False,False,False,False,False,False
Anuncio actualizado el 7 de abril,0,0,1.0,0,0,,no indicado,planta 5ª exterior,0,0,1694147,15,1,Zamora,Distrito Pantoja - Vista Alegre," Avenida Alfonso Peña, 19 , Distrito Pantoja - Vista Alegre , Zamora , Área de Zamora, Zamora ","Avenida Alfonso Peña, 19","Área de Zamora, Zamora",110,100,2019-04-11,450,0,4.0,0,0,1,False,True,False,False,False,False,False,False,False,False,False,False,False,False,False,False,False,False,False,False,False,False,False,False,False,True,False,False,False
Anuncio actualizado el 27 de septiembre,0,0,1.0,0,0,2009,no indicado,bajo exterior,0,1,27229260,15,1,Zamora,Distrito La Lana," , Distrito La Lana , Zamora , Área de Zamora, Zamora ",,"Área de Zamora, Zamora",194,157,2019-04-11,1200,0,5.0,1,0,1,False,False,False,False,False,False,False,False,False,False,False,False,False,False,False,False,False,False,False,False,False,False,False,False,False,False,False,False,False
Anuncio actualizado el 27 de septiembre,0,0,2.0,0,0,2009,no indicado,,0,0,27229578,16,,Roales,," , Roales , Área de Zamora, Zamora ",,"Área de Zamora, Zamora",150,127,2019-04-11,500,0,4.0,0,0,1,False,False,False,False,False,False,False,False,False,False,False,False,False,False,False,False,False,False,False,False,False,False,False,False,False,False,False,False,False
Anuncio actualizado el 6 de marzo,0,0,1.0,1,0,,no indicado,2 plantas,1,1,27880271,16,,Bermillo de Sayago,"Calle Encina, 22"," Calle Encina, 22 , Bermillo de Sayago , Área de Sayago, Zamora ",,"Área de Sayago, Zamora",1200,160,2019-04-11,300,0,4.0,1,1,1,False,True,False,False,False,False,False,False,False,False,False,False,False,False,False,False,False,False,False,False,False,False,False,False,False,False,True,False,False
Anuncio actualizado el 7 de abril,0,0,1.0,1,0,,en trámite,planta 4ª exterior,0,0,31086655,15,1,Zamora,Distrito Ensanche," Calle regimiento de toledo, 17 , Distrito Ensanche , Zamora , Área de Zamora, Zamora ","Calle regimiento de toledo, 17","Área de Zamora, Zamora",70,,2019-04-11,500,0,2.0,0,0,1,False,True,False,False,False,False,False,False,False,False,False,False,False,False,False,False,False,False,False,False,False,False,False,False,False,False,False,False,False
Anuncio actualizado el 12 de marzo,0,0,1.0,1,0,,en trámite,planta 1ª exterior,0,0,30858350,15,0,Puebla de Sanabria,"Calle braganza, 8"," Calle braganza, 8 , Puebla de Sanabria , Sanabria, Zamora ",,"Sanabria, Zamora",65,55,2019-04-11,450,0,2.0,0,0,0,False,True,False,False,False,False,False,False,False,False,False,False,False,False,False,False,False,False,False,False,False,False,False,False,False,True,False,False,False
Anuncio actualizado el 29 de marzo,0,0,1.0,0,0,,,planta 4ª exterior,0,0,29498985,15,0,Zamora,Distrito La Lana," Calle San Esteban, 4 , Distrito La Lana , Zamora , Área de Zamora, Zamora ","Calle San Esteban, 4","Área de Zamora, Zamora",62,55,2019-04-11,400,0,2.0,1,0,0,False,True,False,False,False,False,False,False,False,False,False,False,False,False,False,False,False,True,False,False,False,False,False,False,False,False,False,False,False
Anuncio actualizado el 25 de marzo,0,0,2.0,1,0,,,2 plantas,0,0,83407698,17,,Zamora,Distrito Casco Antiguo," Calle Romancero, 5 , Urb. Olivares , Distrito Casco Antiguo , Zamora , Área de Zamora, Zamora ",Urb. Olivares,"Área de Zamora, Zamora",30,140,2019-04-11,600,0,4.0,1,1,1,False,True,False,False,False,False,False,False,True,False,False,False,False,False,True,False,False,False,False,False,False,False,False,False,False,False,False,False,False
Anuncio actualizado el 3 de marzo,0,0,1.0,0,0,,no indicado,,0,0,33095252,19,,Cobreros,"Calle la pedriña, 1"," Calle la pedriña, 1 , Cobreros , Sanabria, Zamora ",,"Sanabria, Zamora",70,68,2019-04-11,400,0,3.0,0,0,1,False,True,False,False,False,False,False,False,False,False,False,False,False,True,False,False,False,False,False,False,False,False,False,False,False,False,False,False,False
Anuncio actualizado el 21 de marzo,0,1,1.0,0,0,,,planta 4ª exterior,0,0,84762277,15,1,Zamora,Distrito Ensanche," Victor Gallego, 34 , Distrito Ensanche , Zamora , Área de Zamora, Zamora ","Victor Gallego, 34","Área de Zamora, Zamora",120,105,2019-04-11,480,0,3.0,0,0,0,False,True,False,False,False,True,False,False,False,False,False,False,False,False,False,False,False,False,False,False,False,False,False,True,False,False,False,False,False
Anuncio actualizado el 22 de marzo,0,1,2.0,0,0,2001,no indicado,planta 1ª,1,0,33467780,15,1,Morales del Vino,," , Morales del Vino , Área de Zamora, Zamora ",,"Área de Zamora, Zamora",137,98,2019-04-11,380,0,3.0,0,0,1,False,True,False,False,False,False,False,False,False,False,False,False,False,False,False,False,False,False,False,False,False,False,False,False,False,False,False,False,False
Anuncio actualizado el 31 de marzo,0,0,2.0,0,0,,,2 plantas,0,1,29023380,16,,Puebla de Sanabria,"Calle Barrio Arriba, 33"," Calle Barrio Arriba, 33 , Puebla de Sanabria , Sanabria, Zamora ",,"Sanabria, Zamora",130,120,2019-04-11,2000,0,5.0,1,0,1,False,True,False,False,False,False,False,False,False,False,False,False,False,False,False,True,False,False,False,False,False,False,False,False,False,False,False,False,False
Anuncio actualizado el 17 de marzo,0,0,1.0,1,0,,en trámite,planta 4ª exterior,0,0,31086761,15,1,Zamora,Distrito Las Vegas - La Feria," Calle puentica, 3 , Distrito Las Vegas - La Feria , Zamora , Área de Zamora, Zamora ","Calle puentica, 3","Área de Zamora, Zamora",127,94,2019-04-11,450,0,3.0,0,0,1,False,True,False,False,False,False,False,False,False,False,False,False,False,False,False,False,False,False,False,False,False,False,False,False,False,False,False,False,False
Anuncio actualizado el 24 de marzo,0,0,2.0,1,0,,no indicado,planta 3ª exterior,1,0,26531447,15,1,Zamora,Distrito Las Vegas - La Feria," Calle Vega, 7 , Distrito Las Vegas - La Feria , Zamora , Área de Zamora, Zamora ","Calle Vega, 7","Área de Zamora, Zamora",99,82,2019-04-11,500,0,3.0,0,0,1,False,True,False,False,False,False,False,False,False,False,False,False,False,False,False,False,False,False,False,False,False,False,False,False,False,True,False,False,False
Anuncio actualizado el 30 de marzo,0,0,1.0,0,0,,inmueble exento,2 plantas,0,0,38050253,21,,Benegiles,"Calle Encuentros, 1"," Calle Encuentros, 1 , Benegiles , Área de Zamora, Zamora ",,"Área de Zamora, Zamora",250,140,2019-04-11,300,0,4.0,1,0,0,False,True,False,False,False,False,False,False,False,False,False,False,False,False,False,False,False,False,False,False,False,False,False,False,False,False,False,False,False
Anuncio actualizado el 9 de abril,0,1,1.0,1,0,,no indicado,planta 2ª,1,0,84332107,15,1,Zamora,Distrito La Candelaria," , Distrito La Candelaria , Zamora , Área de Zamora, Zamora ",,"Área de Zamora, Zamora",60,,2019-04-11,450,0,2.0,1,1,0,False,True,False,False,False,False,False,False,False,False,False,False,False,False,False,False,False,False,False,False,False,False,False,False,False,False,False,False,False
Anuncio actualizado el 11 de abril,0,0,2.0,0,0,,,,0,0,84814336,15,1,Zamora,Distrito Centro," Plaza Santo Tomás, 8 -6 , Urb. 23116-0003 , Distrito Centro , Zamora , Área de Zamora, Zamora ",Urb. 23116-0003,"Área de Zamora, Zamora",91,,2019-04-11,460,0,3.0,0,0,0,False,False,False,False,False,False,False,False,False,False,False,False,False,False,False,False,False,False,False,False,False,False,False,False,False,False,False,False,False
Anuncio actualizado el 24 de marzo,0,0,1.0,1,0,,en trámite,planta 1ª exterior,0,0,84414378,15,0,Zamora,Distrito Los Bloques," Rodrigo triana, 1 , Distrito Los Bloques , Zamora , Área de Zamora, Zamora ","Rodrigo triana, 1","Área de Zamora, Zamora",55,43,2019-04-11,360,0,2.0,0,0,1,False,True,False,False,False,False,False,False,True,False,False,False,False,False,False,False,False,False,False,False,False,False,False,False,False,False,False,True,False
Anuncio actualizado el 3 de abril,0,1,2.0,1,0,,,planta 3ª exterior,0,0,84611388,15,1,Benavente,"Avenida El Ferial, 169"," Avenida El Ferial, 169 , Benavente , Zamora ",,Zamora,80,,2019-04-11,330,0,3.0,0,0,0,False,True,False,False,False,False,False,False,True,False,False,False,False,False,False,False,False,False,False,False,False,False,False,False,False,True,False,False,False
Anuncio actualizado el 5 de marzo,0,1,2.0,0,0,1977,en trámite,planta 2ª exterior,0,0,84541578,15,0,Zamora,Distrito Ensanche," Calle Arapiles , Distrito Ensanche , Zamora , Área de Zamora, Zamora ",Calle Arapiles,"Área de Zamora, Zamora",120,109,2019-04-11,500,0,4.0,0,0,0,False,True,False,False,False,True,False,False,False,False,False,False,False,False,False,False,False,False,False,False,False,False,False,False,False,False,False,False,False
Anuncio actualizado el 22 de marzo,0,1,2.0,0,0,,,planta 6ª exterior,1,0,84628794,15,1,Zamora,Distrito Hiniesta - Villapando," Calle de San Blas, 2 , Distrito Hiniesta - Villapando , Zamora , Área de Zamora, Zamora ","Calle de San Blas, 2","Área de Zamora, Zamora",90,,2019-04-11,500,1,3.0,0,0,1,False,True,False,False,False,False,False,False,True,False,False,False,False,False,False,False,False,False,False,False,False,False,False,False,False,False,False,False,False
Anuncio actualizado el 24 de marzo,0,0,1.0,0,0,,,planta 1ª exterior,0,0,83173122,15,1,Benavente,"Avenida FEDERICO SILVA, 9"," Avenida FEDERICO SILVA, 9 , Benavente , Zamora ",,Zamora,90,,2019-04-11,350,0,3.0,0,0,0,False,True,False,False,False,False,False,False,True,False,False,False,False,False,False,False,False,False,False,False,False,False,False,True,False,False,False,False,False
Anuncio actualizado el 6 de abril,0,0,1.0,0,0,,en trámite,planta 4ª exterior,0,0,34088171,15,1,Zamora,Distrito Centro," Calle de santa clara, 33 , Distrito Centro , Zamora , Área de Zamora, Zamora ","Calle de santa clara, 33","Área de Zamora, Zamora",140,120,2019-04-11,650,0,4.0,0,0,1,False,True,False,False,False,False,False,False,False,False,False,False,False,False,False,False,False,False,False,False,False,False,False,True,False,False,False,False,False
Anuncio actualizado el 11 de abril,0,0,2.0,0,0,,en trámite,planta 1ª exterior,0,0,81955067,15,1,Zamora,Distrito Ensanche," Calle de la Libertad, 14 , Distrito Ensanche , Zamora , Área de Zamora, Zamora ","Calle de la Libertad, 14","Área de Zamora, Zamora",85,80,2019-04-11,575,1,3.0,0,0,1,False,True,False,False,False,False,False,False,False,False,False,False,False,False,False,False,False,False,False,False,False,False,False,False,False,False,False,False,False
Anuncio actualizado el 8 de abril,0,1,2.0,0,0,,inmueble exento,planta 3ª exterior,0,0,84987619,15,1,Toro,"Calle Carlos de la Torre, 1"," Calle Carlos de la Torre, 1 , Toro , Alfoz de Toro, Zamora ",,"Alfoz de Toro, Zamora",90,,2019-04-11,350,0,3.0,0,0,1,False,True,False,False,False,False,False,False,False,False,False,False,False,False,False,False,False,False,False,False,False,False,False,False,False,True,False,False,False
Anuncio actualizado el 10 de abril,0,0,3.0,0,0,,en trámite,planta 3ª,1,0,83858745,15,1,Zamora,Distrito Centro," Calle Mariano Benlliure , Distrito Centro , Zamora , Área de Zamora, Zamora ",Calle Mariano Benlliure,"Área de Zamora, Zamora",180,172,2019-04-11,600,0,4.0,0,0,1,False,True,False,False,False,False,True,False,False,False,False,False,False,False,False,False,False,False,False,False,False,False,False,False,False,False,False,False,False
Anuncio actualizado el 26 de marzo,0,0,1.0,0,0,,no indicado,planta 2ª exterior,0,0,1929217,15,1,Benavente,"Avenida el Ferial, 55"," Avenida el Ferial, 55 , Benavente , Zamora ",,Zamora,55,50,2019-04-11,340,0,1.0,0,0,1,False,True,False,False,False,False,False,False,False,False,False,False,False,False,False,False,False,False,False,False,False,False,False,False,False,False,True,False,False
Anuncio actualizado el 3 de abril,0,0,2.0,1,0,,,planta 6ª exterior,1,0,82259074,15,1,Zamora,Distrito Ensanche," Avenida del Cardenal Cisneros, 29 , Distrito Ensanche , Zamora , Área de Zamora, Zamora ","Avenida del Cardenal Cisneros, 29","Área de Zamora, Zamora",120,105,2019-04-11,550,0,4.0,0,0,1,False,True,False,False,False,False,False,False,True,False,False,False,False,False,False,False,False,False,False,False,False,False,False,False,False,False,False,False,False
Anuncio actualizado el 10 de abril,0,1,2.0,0,0,,,planta 3ª,0,0,84569849,15,1,Zamora,Distrito Ensanche," Avenida de Víctor Gallego , Distrito Ensanche , Zamora , Área de Zamora, Zamora ",Avenida de Víctor Gallego,"Área de Zamora, Zamora",210,186,2019-04-11,710,0,5.0,0,0,1,False,True,False,False,False,False,False,False,False,False,False,False,False,False,False,False,False,False,False,False,False,False,False,False,False,False,False,False,False
Anuncio actualizado el 10 de abril,0,1,2.0,0,0,,en trámite,planta 5ª,0,0,84770143,15,1,Zamora,Distrito Ensanche," Avenida de las Tres Cruces , Distrito Ensanche , Zamora , Área de Zamora, Zamora ",Avenida de las Tres Cruces,"Área de Zamora, Zamora",100,90,2019-04-11,460,0,3.0,1,0,1,False,True,False,False,False,False,False,False,False,False,False,False,False,False,False,False,False,False,False,False,False,False,False,False,False,False,False,False,False
Anuncio actualizado el 11 de abril,0,0,2.0,1,0,2008,no indicado,2 plantas,0,1,39024841,22,,Trefacio,"za-114, 6"," za-114, 6 , Trefacio , Sanabria, Zamora ",,"Sanabria, Zamora",207,68,2019-04-11,400,0,3.0,1,0,1,False,True,False,False,False,False,True,False,False,False,False,False,False,False,False,False,False,False,False,False,False,False,False,False,False,False,False,False,False
Anuncio actualizado el 20 de marzo,0,1,1.0,1,0,,no indicado,planta 1ª exterior,0,0,84485578,15,0,Moraleja del Vino,"Calle Granados, 4"," Calle Granados, 4 , Moraleja del Vino , Tierra del Vino - La Guareña, Zamora ",,"Tierra del Vino - La Guareña, Zamora",92,82,2019-04-11,350,0,3.0,0,0,1,False,True,False,False,False,False,True,False,False,False,False,False,False,False,False,False,False,False,False,False,False,False,False,False,False,False,False,False,False
Anuncio actualizado el 1 de abril,0,0,2.0,0,0,,,planta 2ª exterior,1,0,33522675,15,1,Benavente,"pinar, 18"," pinar, 18 , Benavente , Zamora ",,Zamora,90,,2019-04-11,360,0,3.0,0,0,0,False,True,False,False,False,False,False,False,False,False,False,False,False,False,False,False,False,False,False,False,False,False,False,False,False,False,False,False,False
Anuncio actualizado el 9 de abril,0,0,1.0,1,0,,,planta 2ª exterior,0,0,84484502,15,1,Benavente,"Calle de los Herreros, Benavente, 21"," Calle de los Herreros, Benavente, 21 , Benavente , Zamora ",,Zamora,74,,2019-04-11,330,0,1.0,0,0,0,False,True,False,False,False,False,True,False,False,False,False,False,False,True,False,False,False,False,False,False,False,False,False,False,False,False,False,False,False
Anuncio actualizado el 22 de marzo,0,0,1.0,0,0,,en trámite,planta 7ª exterior,0,0,39498462,15,1,Benavente,Avenida Maragatos," Avenida Maragatos , Benavente , Zamora ",,Zamora,85,78,2019-04-11,280,0,3.0,0,0,0,False,True,False,False,False,False,False,False,False,False,False,False,False,False,False,False,False,False,False,False,False,False,False,False,False,False,False,False,False
Anuncio actualizado el 28 de marzo,0,0,1.0,0,0,,en trámite,planta 1ª exterior,1,0,84648899,15,1,Benavente,"BAÑEZA, 3"," BAÑEZA, 3 , Benavente , Zamora ",,Zamora,70,65,2019-04-11,350,0,2.0,0,0,1,False,True,False,False,False,False,False,False,True,False,False,False,False,False,False,False,False,False,False,False,False,False,False,False,False,False,False,False,False
Anuncio actualizado el 26 de febrero,0,0,1.0,1,0,,en trámite,planta 6ª exterior,0,0,82167795,15,1,Zamora,Distrito Pantoja - Vista Alegre," Avenida del Príncipe de Asturias, 49 , Distrito Pantoja - Vista Alegre , Zamora , Área de Zamora, Zamora ","Avenida del Príncipe de Asturias, 49","Área de Zamora, Zamora",40,39,2019-04-11,375,0,1.0,0,0,1,False,True,False,True,False,False,False,False,False,False,False,False,False,False,False,False,False,False,False,False,False,False,False,False,False,True,False,False,False
Anuncio actualizado el 7 de abril,0,0,2.0,1,0,,,planta 4ª exterior,1,1,30255108,15,1,Zamora,Distrito La Candelaria," Carretera de la Aldehuela, 7 , Distrito La Candelaria , Zamora , Área de Zamora, Zamora ","Carretera de la Aldehuela, 7","Área de Zamora, Zamora",100,95,2019-04-11,565,0,3.0,1,1,1,False,True,False,False,False,False,False,False,False,False,False,False,False,False,False,False,False,False,False,False,False,False,False,False,False,True,False,False,False
Anuncio actualizado el 28 de enero,0,0,2.0,0,0,,inmueble exento,planta 5ª exterior,1,0,34448084,18,1,Benavente,"Plaza virgen de la vega, 1"," Plaza virgen de la vega, 1 , Benavente , Zamora ",,Zamora,180,150,2019-04-11,450,0,3.0,0,0,1,False,True,False,False,False,False,False,False,False,False,False,False,False,False,False,False,False,False,False,True,False,False,False,False,False,False,False,False,False
Anuncio actualizado el 25 de marzo,0,1,2.0,1,0,,en trámite,planta 3ª exterior,1,1,33462941,15,0,Zamora,Distrito La Candelaria," Avenida del cardenal cisneros, 9 , Distrito La Candelaria , Zamora , Área de Zamora, Zamora ","Avenida del cardenal cisneros, 9","Área de Zamora, Zamora",110,90,2019-04-11,520,0,3.0,1,0,1,False,True,False,False,True,False,False,False,False,False,False,False,False,False,False,False,False,False,False,False,False,False,False,False,False,False,True,False,False
Anuncio actualizado el 7 de marzo,1,1,1.0,0,0,,,planta 1ª interior,0,0,82241558,20,0,Zamora,Distrito La Lana," Calle Sotelo, 2 , Distrito La Lana , Zamora , Área de Zamora, Zamora ","Calle Sotelo, 2","Área de Zamora, Zamora",90,70,2019-04-11,460,0,1.0,0,0,1,False,True,False,False,False,False,False,False,False,False,False,False,False,False,False,False,False,False,False,False,False,False,False,False,False,False,False,False,False
Anuncio actualizado el 2 de abril,0,0,1.0,0,0,,,planta 4ª exterior,1,0,84908446,18,1,Benavente,"Calle CERVANTES, 27"," Calle CERVANTES, 27 , Benavente , Zamora ",,Zamora,75,,2019-04-11,350,0,2.0,1,0,1,False,True,False,False,False,False,False,True,False,False,False,False,False,False,False,False,False,False,False,False,False,False,False,False,False,False,False,False,False
Anuncio actualizado el 8 de abril,0,0,1.0,0,0,,en trámite,planta 2ª exterior,0,0,84979780,15,1,Zamora,Distrito La Candelaria," Calle de Alonso de Tejada, 9 , Distrito La Candelaria , Zamora , Área de Zamora, Zamora ","Calle de Alonso de Tejada, 9","Área de Zamora, Zamora",50,,2019-04-11,450,0,2.0,0,0,0,False,True,False,False,False,False,False,False,True,False,False,False,False,True,False,False,False,False,False,False,False,False,False,False,False,False,False,False,False
Anuncio actualizado el 7 de abril,0,0,1.0,1,0,,en trámite,1 planta,0,0,37904764,19,,Robleda-Cervantes,"lagarejos, 1"," lagarejos, 1 , Robleda-Cervantes , Sanabria, Zamora ",,"Sanabria, Zamora",40,,2019-04-11,250,0,2.0,0,0,0,False,True,False,False,False,False,False,False,False,False,False,False,False,False,False,False,False,False,False,False,False,False,False,False,False,False,False,False,False
Anuncio actualizado el 17 de marzo,0,0,1.0,0,0,,inmueble exento,2 plantas,0,1,37059543,16,,San Justo,"Calle Torre, 2"," Calle Torre, 2 , San Justo , Sanabria, Zamora ",,"Sanabria, Zamora",50,80,2019-04-11,1000,0,1.0,0,0,1,False,True,False,False,False,False,False,False,False,False,False,False,False,True,False,False,False,False,False,False,False,False,False,False,False,False,False,False,False
Anuncio actualizado el 7 de abril,0,0,1.0,1,0,,inmueble exento,planta 1ª exterior,0,0,36846748,15,0,San Pedro de Ceque,"Plaza España, 13"," Plaza España, 13 , San Pedro de Ceque , Benavente, Zamora ",,"Benavente, Zamora",70,65,2019-04-11,220,0,3.0,1,0,0,False,True,False,False,False,False,False,False,False,False,False,False,False,False,False,True,False,False,False,False,False,False,False,False,False,False,False,False,False
Anuncio actualizado el 9 de abril,0,0,1.0,1,0,1966,en trámite,planta 3ª interior,0,0,84619245,15,1,Zamora,Distrito La Candelaria," Calle El Cid , Distrito La Candelaria , Zamora , Área de Zamora, Zamora ",Calle El Cid,"Área de Zamora, Zamora",75,63,2019-04-11,360,0,2.0,0,0,1,False,True,False,False,False,False,False,False,True,False,False,False,False,False,False,False,False,False,False,False,False,False,False,False,False,False,False,False,False
Anuncio actualizado el 10 de abril,0,0,2.0,1,0,,no indicado,2 plantas,1,1,84987805,22,,Trefacio,"Diseminado Trefacio, 17"," Diseminado Trefacio, 17 , Trefacio , Sanabria, Zamora ",,"Sanabria, Zamora",300,75,2019-04-11,450,0,3.0,1,0,1,False,True,False,False,False,False,False,False,False,False,False,False,False,False,False,True,False,False,False,False,False,False,False,False,False,False,False,False,False
Anuncio actualizado el 6 de marzo,0,0,2.0,1,0,1991,en trámite,planta 5ª exterior,1,0,84547350,18,1,Zamora,Distrito Ensanche," cardenal mella, 16 , Distrito Ensanche , Zamora , Área de Zamora, Zamora ","cardenal mella, 16","Área de Zamora, Zamora",105,78,2019-04-11,550,0,3.0,0,0,1,False,True,False,True,False,False,False,False,False,False,False,False,False,False,False,False,False,False,False,False,False,False,False,False,False,True,False,False,False
Anuncio actualizado el 10 de abril,0,0,2.0,0,0,,en trámite,,1,1,84966876,17,,Monfarracinos,Camino de los Pozuelos," Camino de los Pozuelos , Monfarracinos , Área de Zamora, Zamora ",,"Área de Zamora, Zamora",20,130,2019-04-11,500,0,3.0,0,1,1,False,True,False,False,False,False,False,False,False,False,False,False,False,False,False,False,False,False,False,False,False,False,False,False,False,True,False,False,False
Anuncio actualizado el 7 de abril,0,0,2.0,1,0,,,3 plantas,0,0,82077947,17,,Moraleja del Vino,"Plaza cruz, 2"," Plaza cruz, 2 , Moraleja del Vino , Tierra del Vino - La Guareña, Zamora ",,"Tierra del Vino - La Guareña, Zamora",202,175,2019-04-11,525,0,4.0,1,0,1,False,True,False,False,False,False,False,False,False,False,False,False,False,True,False,False,False,False,False,False,False,False,False,False,False,False,False,False,False
Anuncio actualizado el 5 de abril,0,1,2.0,0,0,,en trámite,planta 2ª exterior,1,0,82649107,15,1,Zamora,Distrito Ensanche," Calle Cardenal Mella, 10 , Distrito Ensanche , Zamora , Área de Zamora, Zamora ","Calle Cardenal Mella, 10","Área de Zamora, Zamora",80,75,2019-04-11,440,1,2.0,0,0,0,False,True,False,False,False,False,False,False,True,False,False,False,False,False,False,False,False,False,False,False,False,False,False,False,False,False,False,False,False
Anuncio actualizado el 21 de marzo,0,1,3.0,1,0,2005,,planta 3ª exterior,1,0,84763710,20,1,Zamora,Distrito Casco Antiguo," Mariano Benlliure , Distrito Casco Antiguo , Zamora , Área de Zamora, Zamora ",Mariano Benlliure,"Área de Zamora, Zamora",180,160,2019-04-11,600,1,4.0,0,0,0,False,True,False,False,False,False,False,False,True,False,False,False,False,False,False,False,False,False,False,False,False,False,False,False,False,False,False,False,False
Anuncio actualizado el 10 de abril,0,0,1.0,1,0,,en trámite,planta 3ª,0,0,84948489,15,1,Zamora,Distrito Centro," Calle de Santa Clara , Distrito Centro , Zamora , Área de Zamora, Zamora ",Calle de Santa Clara,"Área de Zamora, Zamora",66,60,2019-04-11,420,0,1.0,0,0,0,False,False,False,False,False,False,True,False,False,False,False,False,False,False,False,False,False,False,False,False,False,False,False,False,False,False,False,False,False
Anuncio actualizado el 22 de marzo,0,0,1.0,0,0,1994,en trámite,planta 5ª exterior,0,0,83229122,18,1,Benavente,"Avenida Luis Morán, Benavente, 4"," Avenida Luis Morán, Benavente, 4 , Benavente , Zamora ",,Zamora,76,64,2019-04-11,310,1,2.0,0,0,1,False,True,False,False,False,False,False,False,True,False,False,False,False,False,False,False,False,False,False,False,False,False,False,False,False,False,False,False,False
Anuncio actualizado el 8 de abril,0,0,3.0,1,0,,,2 plantas,1,1,28737701,17,,Roales,Urb. CERRO DE LA PLATA," Calle Zamora, 86 , Urb. CERRO DE LA PLATA , Roales , Área de Zamora, Zamora ","Calle Zamora, 86","Área de Zamora, Zamora",150,215,2019-04-11,595,0,5.0,1,1,1,False,True,False,False,False,False,False,False,True,False,False,False,False,False,False,False,False,False,False,False,False,False,False,True,False,False,False,False,False
Anuncio actualizado el 2 de abril,0,0,2.0,1,0,,en trámite,planta 5ª exterior,1,0,84870242,18,1,Zamora,Distrito Ensanche," Cardenal Mella , Distrito Ensanche , Zamora , Área de Zamora, Zamora ",Cardenal Mella,"Área de Zamora, Zamora",80,75,2019-04-11,550,0,3.0,0,0,1,False,True,False,False,True,False,False,False,False,False,False,False,False,False,False,False,False,False,False,False,False,False,False,True,False,False,False,False,False
Anuncio actualizado el 7 de abril,0,1,2.0,1,0,1970,en trámite,planta 2ª exterior,0,0,84977191,15,1,Zamora,Distrito Ensanche," Avenida Cardenal Cisneros, 21 , Distrito Ensanche , Zamora , Área de Zamora, Zamora ","Avenida Cardenal Cisneros, 21","Área de Zamora, Zamora",130,113,2019-04-11,570,1,4.0,0,0,1,False,True,False,False,False,True,False,False,False,False,False,False,False,False,False,False,False,False,False,False,False,False,False,False,False,False,False,False,False
Anuncio actualizado el 9 de abril,0,1,1.0,0,0,1965,,planta 4ª exterior,0,0,29672915,15,0,Zamora,Distrito San Lázaro," , Distrito San Lázaro , Zamora , Área de Zamora, Zamora ",,"Área de Zamora, Zamora",80,60,2019-04-11,320,0,3.0,0,0,1,False,True,False,False,False,False,False,False,False,False,False,False,False,False,False,False,False,False,False,False,False,False,False,False,False,False,False,False,False
Anuncio actualizado el 10 de abril,0,0,1.0,0,0,,,bajo,1,0,84998048,15,1,Zamora,Distrito La Lana," Calle Florian Docampo , Distrito La Lana , Zamora , Área de Zamora, Zamora ",Calle Florian Docampo,"Área de Zamora, Zamora",45,40,2019-04-11,390,0,1.0,1,0,1,False,True,False,False,False,False,True,False,False,False,False,False,False,False,False,False,False,False,False,False,False,False,False,False,False,False,False,False,False
Anuncio actualizado el 10 de abril,0,0,1.0,1,0,,en trámite,planta 3ª exterior,1,0,30803696,15,1,Benavente,"Avenida federico silva, 45"," Avenida federico silva, 45 , Benavente , Zamora ",,Zamora,75,73,2019-04-11,360,0,2.0,0,0,1,False,True,False,False,False,False,False,False,False,False,False,False,False,False,False,False,False,False,False,False,False,False,False,True,False,False,False,False,False
