ad_last_update,air_conditioner,balcony,bath_num,built_in_wardrobe,chimney,construct_date,energetic_certif,floor,garage,garden,house_id,house_type,lift,loc_city,loc_district,loc_full,loc_neigh,loc_zone,m2_real,m2_useful,obtention_date,price,reduced_mobility,room_num,storage_room,swimming_pool,terrace,condition_condition,condition_promoción de obra nueva,condition_segunda mano/buen estado,condition_segunda mano/para reformar,heating_calefacción central,heating_calefacción central: gas,heating_calefacción central: gasoil,heating_calefacción individual,heating_calefacción individual: eléctrica,heating_calefacción individual: gas natural,heating_calefacción individual: gas propano/butano,heating_heating,heating_no dispone de calefacción,orientation_este,"orientation_este, oeste",orientation_norte,"orientation_norte, este","orientation_norte, este, oeste","orientation_norte, oeste","orientation_norte, sur","orientation_norte, sur, este","orientation_norte, sur, este, oeste","orientation_norte, sur, oeste",orientation_oeste,orientation_orientation,orientation_sur,"orientation_sur, este","orientation_sur, este, oeste","orientation_sur, oeste"
Anuncio actualizado el 11 de abril,0,1,2.0,1,0,,,planta 6ª exterior,0,1,85034335,14,1,Soria,Distrito Avda de Valladolid," Avenida Valladolid, 55 , Urb. Con piscina , Distrito Avda de Valladolid , Soria , Área de Soria, Soria ",Urb. Con piscina,"Área de Soria, Soria",60,55,2019-04-11,470,0,1.0,1,1,0,False,False,True,False,False,False,False,False,False,False,False,False,False,True,False,False,False,False,False,False,False,False,False,False,False,False,False,False,False
más de 2 meses sin actualizar,0,0,1.0,0,0,,no indicado,planta 2ª exterior,1,0,81333035,15,1,Golmayo,"Calle fuente del berros, 1"," Calle fuente del berros, 1 , Golmayo , Área de Soria, Soria ",,"Área de Soria, Soria",45,,2019-04-11,325,0,1.0,0,0,1,False,False,True,False,False,False,False,False,False,False,False,False,False,False,False,False,False,False,False,False,False,False,False,False,False,False,False,False,False
más de 2 meses sin actualizar,0,0,1.0,0,0,,no indicado,planta 1ª exterior,0,0,83180154,14,0,Medinaceli,"Avenida Madrid, 74"," Avenida Madrid, 74 , Medinaceli , Almazán, Soria ",,"Almazán, Soria",110,,2019-04-11,320,0,2.0,0,0,0,False,False,True,False,False,False,False,False,False,False,False,False,False,False,False,False,False,False,False,False,False,False,False,False,False,False,True,False,False
más de 2 meses sin actualizar,0,0,2.0,1,0,,no indicado,planta 4ª exterior,0,0,83711122,14,1,Soria,Distrito Centro," Calle Alberca, 6 , Distrito Centro , Soria , Área de Soria, Soria ","Calle Alberca, 6","Área de Soria, Soria",98,89,2019-04-11,550,0,3.0,0,0,1,False,False,True,False,True,False,False,False,False,False,False,False,False,False,False,False,False,False,False,False,False,False,False,False,False,False,True,False,False
Anuncio actualizado el 24 de marzo,0,0,2.0,1,0,,,planta 2ª exterior,1,1,82718673,14,1,Soria,Distrito Avda de Valladolid," Calle Galicia, 13 , Distrito Avda de Valladolid , Soria , Área de Soria, Soria ","Calle Galicia, 13","Área de Soria, Soria",100,88,2019-04-11,600,0,3.0,0,0,1,False,False,True,False,False,False,False,False,False,False,False,False,False,False,False,True,False,False,False,False,False,False,False,False,False,False,False,False,False
Anuncio actualizado el 20 de febrero,0,0,1.0,0,0,,en trámite,planta 1ª exterior,0,0,30158852,14,0,Soria,Distrito Centro," Plaza San Gil, 1 , Distrito Centro , Soria , Área de Soria, Soria ","Plaza San Gil, 1","Área de Soria, Soria",85,79,2019-04-11,450,0,3.0,1,0,0,False,False,True,False,False,False,False,False,False,False,False,False,False,False,False,False,False,False,False,False,False,False,False,False,False,True,False,False,False
Anuncio actualizado el 7 de abril,0,0,1.0,1,0,,inmueble exento,bajo exterior,0,0,25033253,14,0,Arcos de Jalon,"Avenida de la Constitución, 7"," Avenida de la Constitución, 7 , Arcos de Jalon , Almazán, Soria ",,"Almazán, Soria",73,67,2019-04-11,300,1,2.0,0,0,0,False,False,True,False,False,False,False,False,False,False,False,False,False,False,False,False,False,False,False,False,False,False,False,False,False,False,False,False,True
Anuncio actualizado el 9 de abril,0,0,2.0,0,0,,no indicado,planta 2ª exterior,1,0,83262462,14,0,Navaleno,"Calle del medio, 12"," Calle del medio, 12 , Navaleno , Pinares y Tierras Altas, Soria ",,"Pinares y Tierras Altas, Soria",110,90,2019-04-11,340,0,4.0,0,0,0,False,False,True,False,False,False,False,False,False,False,False,False,False,False,False,False,False,False,False,False,False,False,False,False,False,False,False,False,False
Anuncio actualizado el 21 de febrero,0,0,1.0,0,0,,no indicado,bajo exterior,0,0,84379405,14,1,San esteban de Gormaz,"Calle Canal, 6"," Calle Canal, 6 , San esteban de Gormaz , Burgo de Osma, Soria ",,"Burgo de Osma, Soria",78,,2019-04-11,320,0,2.0,1,0,1,False,False,True,False,False,False,False,False,False,False,False,False,False,False,False,False,False,False,False,False,False,False,False,False,False,False,False,False,False
Anuncio actualizado el 19 de marzo,0,0,1.0,0,0,,no indicado,2 plantas,0,0,84723763,16,,Burgo de Osma-Ciudad de Osma,"Calle la Nevera, 16"," Calle la Nevera, 16 , Burgo de Osma-Ciudad de Osma , Burgo de Osma, Soria ",,"Burgo de Osma, Soria",85,,2019-04-11,460,0,3.0,0,0,0,False,False,True,False,False,False,False,False,False,False,False,False,False,False,False,False,False,False,False,False,False,False,False,False,False,False,False,False,False
Anuncio actualizado el 2 de abril,0,0,1.0,0,0,,en trámite,planta 2ª exterior,1,0,84908951,14,1,Burgo de Osma-Ciudad de Osma,"Calle Palafox, 28"," Calle Palafox, 28 , Burgo de Osma-Ciudad de Osma , Burgo de Osma, Soria ",,"Burgo de Osma, Soria",100,,2019-04-11,420,0,3.0,1,0,0,False,False,True,False,False,False,False,False,False,False,False,False,False,False,False,False,False,False,False,False,False,False,False,False,False,False,False,False,False
Anuncio actualizado el 11 de abril,0,0,2.0,1,0,,,planta 4ª exterior,0,0,83742712,14,1,Soria,Distrito Zona Polideportivos Asperon - Mariano Vicen," Ronda Eloy Sanz Villa, 4 , Distrito Zona Polideportivos Asperon - Mariano Vicen , Soria , Área de Soria, Soria ","Ronda Eloy Sanz Villa, 4","Área de Soria, Soria",100,90,2019-04-11,600,0,4.0,0,0,1,False,False,True,False,True,False,False,False,False,False,False,False,False,False,False,False,False,False,False,False,False,False,False,False,False,False,False,False,False
Anuncio actualizado el 14 de marzo,0,0,1.0,0,0,,,planta 2ª,0,0,83673272,14,0,Soria,Distrito Centro," Calle Sanz Oliveros , Distrito Centro , Soria , Área de Soria, Soria ",Calle Sanz Oliveros,"Área de Soria, Soria",105,,2019-04-11,440,0,4.0,0,0,0,False,False,True,False,False,False,False,False,False,False,False,False,False,False,False,False,False,False,False,False,False,False,False,False,False,False,False,False,False
Anuncio actualizado el 22 de marzo,0,0,1.0,1,0,,,,0,0,83554249,14,,Soria,Distrito Centro," , Distrito Centro , Soria , Área de Soria, Soria ",,"Área de Soria, Soria",105,94,2019-04-11,440,0,4.0,0,0,0,False,False,True,False,False,False,False,False,False,False,False,False,False,False,False,False,False,False,False,False,False,False,False,False,False,False,False,False,False
Anuncio actualizado el 31 de enero,0,0,1.0,0,0,,no indicado,planta 1ª exterior,0,0,37656348,14,0,Vozmediano,"Calle Larga, 7"," Calle Larga, 7 , Vozmediano , Área de Soria, Soria ",,"Área de Soria, Soria",50,,2019-04-11,350,0,2.0,0,0,0,False,False,True,False,False,False,False,False,False,False,False,False,False,False,False,False,False,False,False,False,False,False,False,False,False,False,False,False,False
Anuncio actualizado el 4 de abril,0,0,1.0,0,0,,en trámite,planta 5ª exterior,0,0,84944653,14,1,Soria,Distrito Centro," Plaza Portillo, 2 , Distrito Centro , Soria , Área de Soria, Soria ","Plaza Portillo, 2","Área de Soria, Soria",80,,2019-04-11,550,0,3.0,0,0,1,False,False,True,False,False,False,False,False,False,False,False,False,False,False,False,False,False,False,False,False,False,False,False,False,False,False,False,False,False
Anuncio actualizado el 23 de febrero,0,0,1.0,0,0,,,,0,0,83673271,14,0,Soria,Distrito Calaverón - Pajaritos," Calle Juan Antonio Simón , Distrito Calaverón - Pajaritos , Soria , Área de Soria, Soria ",Calle Juan Antonio Simón,"Área de Soria, Soria",95,,2019-04-11,630,0,4.0,0,0,0,False,False,True,False,False,False,False,False,False,False,False,False,False,False,False,False,False,False,False,False,False,False,False,False,False,False,False,False,False
Anuncio actualizado el 24 de marzo,0,0,2.0,1,1,,no indicado,2 plantas,0,1,25642162,17,,Molinos de Duero,"Carniceria, 17"," Carniceria, 17 , Molinos de Duero , Pinares y Tierras Altas, Soria ",,"Pinares y Tierras Altas, Soria",220,210,2019-04-11,1700,0,5.0,1,0,0,False,False,True,False,False,False,False,False,False,False,False,False,True,False,False,False,False,False,False,False,False,False,False,False,False,True,False,False,False
Anuncio actualizado el 26 de marzo,0,0,1.0,1,0,,,bajo exterior,0,0,28656377,14,0,Agreda,"Calle Antonio Sonier, 7"," Calle Antonio Sonier, 7 , Agreda , Área de Soria, Soria ",,"Área de Soria, Soria",50,45,2019-04-11,320,0,1.0,0,0,0,False,False,True,False,False,False,False,False,False,False,False,False,False,False,False,True,False,False,False,False,False,False,False,False,False,False,False,False,False
Anuncio actualizado el 24 de marzo,0,0,2.0,0,0,,no indicado,planta 1ª exterior,1,0,34294609,14,0,Burgo de Osma-Ciudad de Osma,"Calle daniel garcía moral, 2"," Calle daniel garcía moral, 2 , Burgo de Osma-Ciudad de Osma , Burgo de Osma, Soria ",,"Burgo de Osma, Soria",95,90,2019-04-11,475,0,4.0,0,0,0,False,False,True,False,False,False,False,True,False,False,False,False,False,False,False,False,False,False,False,False,False,False,False,False,False,True,False,False,False
Anuncio actualizado el 8 de abril,0,0,2.0,0,0,,en trámite,2 plantas,1,1,39984462,16,,Berlanga de Duero,"Calle Almirez, 3"," Calle Almirez, 3 , Berlanga de Duero , Almazán, Soria ",,"Almazán, Soria",300,,2019-04-11,300,0,5.0,1,0,1,False,False,True,False,False,False,False,False,False,False,False,False,False,False,False,False,False,False,False,False,False,False,False,False,False,False,False,False,False
Anuncio actualizado el 9 de abril,0,0,2.0,0,0,,no indicado,planta 1ª exterior,1,0,32058785,14,0,Covaleda,"Calle las losas, 4 n"," Calle las losas, 4 n , Covaleda , Pinares y Tierras Altas, Soria ",,"Pinares y Tierras Altas, Soria",90,,2019-04-11,300,0,3.0,0,0,0,False,False,True,False,False,False,False,False,False,False,False,False,False,False,False,False,False,False,False,False,False,False,False,False,False,False,False,False,False
Anuncio actualizado el 7 de abril,0,0,1.0,1,0,,,planta 1ª exterior,1,0,39717380,14,0,Navaleno,"Calle Numancia, 7"," Calle Numancia, 7 , Navaleno , Pinares y Tierras Altas, Soria ",,"Pinares y Tierras Altas, Soria",80,,2019-04-11,300,0,3.0,0,0,1,False,False,True,False,False,False,False,False,False,False,False,False,False,False,False,False,False,False,False,False,False,False,False,False,False,True,False,False,False
Anuncio actualizado el 8 de abril,0,0,2.0,0,0,2003,no indicado,2 plantas,1,0,82190571,16,,Burgo de Osma-Ciudad de Osma,"Calle la Estacada, 13"," Calle la Estacada, 13 , Burgo de Osma-Ciudad de Osma , Burgo de Osma, Soria ",,"Burgo de Osma, Soria",100,,2019-04-11,1000,1,4.0,0,0,1,False,False,True,False,False,False,False,False,False,False,False,False,False,False,True,False,False,False,False,False,False,False,False,False,False,False,False,False,False
Anuncio actualizado el 24 de marzo,0,0,2.0,1,0,,no indicado,2 plantas,1,1,27176711,16,,Burgo de Osma-Ciudad de Osma,Urb. La Serna," Calle Juan de Juni-III, 21 , Urb. La Serna , Burgo de Osma-Ciudad de Osma , Burgo de Osma, Soria ","Calle Juan de Juni-III, 21","Burgo de Osma, Soria",400,140,2019-04-11,700,0,4.0,0,1,1,False,False,True,False,False,False,False,False,False,False,False,False,False,False,False,False,False,False,False,False,False,False,False,False,False,False,False,False,False
Anuncio actualizado el 1 de abril,0,0,2.0,0,0,,no indicado,,0,0,83944204,16,,Navaleno,"Calle Jesús Posada D, 25"," Calle Jesús Posada D, 25 , Navaleno , Pinares y Tierras Altas, Soria ",,"Pinares y Tierras Altas, Soria",140,,2019-04-11,450,0,4.0,0,0,1,False,False,True,False,False,False,False,False,False,False,False,False,False,False,False,False,False,False,False,False,False,False,False,False,False,False,False,False,False
Anuncio actualizado el 9 de marzo,0,0,1.0,1,0,,no indicado,planta 2ª exterior,0,0,84219427,14,0,Soria,Distrito La Florida - San Pedro," Calle Santísima Trinidad, 6 , Distrito La Florida - San Pedro , Soria , Área de Soria, Soria ","Calle Santísima Trinidad, 6","Área de Soria, Soria",74,70,2019-04-11,400,0,3.0,1,0,1,False,False,True,False,False,False,False,False,False,False,False,False,False,False,False,False,False,False,False,True,False,False,False,False,False,False,False,False,False
Anuncio actualizado el 19 de febrero,0,0,2.0,0,0,,no indicado,2 plantas,0,0,33224746,17,,Almazan,"Calle guadalupe, 4 bis"," Calle guadalupe, 4 bis , Almazan , Almazán, Soria ",,"Almazán, Soria",170,,2019-04-11,350,0,3.0,1,0,0,False,False,True,False,False,False,False,False,False,False,False,False,False,False,False,False,False,False,False,False,False,False,False,False,False,False,False,False,False
Anuncio actualizado el 11 de febrero,0,0,2.0,1,0,,no indicado,planta 3ª exterior,0,0,1814432,14,0,San Leonardo de Yague,"Calle San Pedro, 24"," Calle San Pedro, 24 , San Leonardo de Yague , Pinares y Tierras Altas, Soria ",,"Pinares y Tierras Altas, Soria",100,,2019-04-11,289,0,3.0,0,0,0,False,False,True,False,False,False,False,False,False,False,False,False,False,False,False,False,False,False,False,False,False,False,False,False,False,True,False,False,False
Anuncio actualizado el 2 de abril,0,0,2.0,1,0,,,planta 3ª exterior,1,0,1884906,14,1,Soria,Distrito Zona Polideportivos Asperon - Mariano Vicen," Calle Almazan, 15 , Distrito Zona Polideportivos Asperon - Mariano Vicen , Soria , Área de Soria, Soria ","Calle Almazan, 15","Área de Soria, Soria",150,130,2019-04-11,980,0,4.0,0,0,1,False,False,True,False,False,False,False,False,False,False,False,False,False,False,False,False,False,False,False,False,False,False,False,False,False,True,False,False,False
Anuncio actualizado el 27 de marzo,0,0,1.0,0,0,,no indicado,planta 3ª exterior,0,0,2039774,14,1,Soria,Distrito Centro," Calle Medinaceli, 5 , Distrito Centro , Soria , Área de Soria, Soria ","Calle Medinaceli, 5","Área de Soria, Soria",88,69,2019-04-11,550,0,2.0,0,0,0,False,False,True,False,False,False,False,False,False,False,False,False,False,False,False,False,False,False,False,False,False,False,False,False,False,True,False,False,False
Anuncio actualizado el 12 de febrero,0,0,3.0,0,0,,no indicado,2 plantas,0,1,25093027,18,,Cidones,"Calle Cidones, 1"," Calle Cidones, 1 , Cidones , Área de Soria, Soria ",,"Área de Soria, Soria",360,110,2019-04-11,1000,0,3.0,0,0,0,False,False,True,False,False,False,False,False,False,False,False,False,False,False,False,False,False,False,False,False,False,False,False,False,False,True,False,False,False
Anuncio actualizado el 8 de abril,0,0,2.0,1,0,,,planta 4ª exterior,1,1,25832613,14,1,Soria,Distrito Avda de Valladolid," Avenida Valladolid, 55 , Distrito Avda de Valladolid , Soria , Área de Soria, Soria ","Avenida Valladolid, 55","Área de Soria, Soria",60,55,2019-04-11,450,1,1.0,1,1,1,False,False,True,False,False,False,False,False,False,True,False,False,False,True,False,False,False,False,False,False,False,False,False,False,False,False,False,False,False
Anuncio actualizado el 8 de abril,0,0,2.0,1,0,,no indicado,planta 4ª exterior,1,1,2030275,14,1,Soria,Distrito Calaverón - Pajaritos," Calle Gonzalo de Berceo, 2 , Urb. LA SOLANA , Distrito Calaverón - Pajaritos , Soria , Área de Soria, Soria ",Urb. LA SOLANA,"Área de Soria, Soria",120,90,2019-04-11,550,0,3.0,1,0,0,False,False,True,False,False,False,False,False,False,False,False,False,False,False,False,False,False,False,False,False,False,False,False,False,False,True,False,False,False
Anuncio actualizado el 3 de marzo,0,0,2.0,0,0,,en trámite,planta 1ª exterior,1,0,28384015,14,0,San Leonardo de Yague,"Plaza Alfonso X el Sabio, 5"," Plaza Alfonso X el Sabio, 5 , San Leonardo de Yague , Pinares y Tierras Altas, Soria ",,"Pinares y Tierras Altas, Soria",94,90,2019-04-11,400,0,4.0,1,0,0,False,False,True,False,False,False,False,False,False,False,False,False,False,False,False,False,False,False,False,False,False,False,False,False,False,False,False,False,False
Anuncio actualizado el 31 de marzo,0,0,1.0,1,0,,en trámite,bajo exterior,0,0,30318974,14,0,San Leonardo de Yague,"Calle San Pedro, 11"," Calle San Pedro, 11 , San Leonardo de Yague , Pinares y Tierras Altas, Soria ",,"Pinares y Tierras Altas, Soria",90,85,2019-04-11,300,0,3.0,1,0,1,False,False,True,False,False,False,False,True,False,False,False,False,False,False,False,False,False,False,False,False,False,False,False,False,False,True,False,False,False
Anuncio actualizado el 7 de abril,0,0,2.0,1,0,,,planta 2ª exterior,1,0,84476809,14,1,Vinuesa,"Calle la mata, 50"," Calle la mata, 50 , Vinuesa , Pinares y Tierras Altas, Soria ",,"Pinares y Tierras Altas, Soria",78,,2019-04-11,390,0,2.0,0,0,0,False,False,True,False,False,False,False,False,False,False,False,False,False,False,False,False,False,False,False,False,False,False,False,False,False,False,True,False,False
Anuncio actualizado el 8 de abril,0,0,1.0,0,0,,no indicado,planta 2ª exterior,0,0,82076470,14,0,Arcos de Jalon,"Calle marqués de casablanca, 4"," Calle marqués de casablanca, 4 , Arcos de Jalon , Almazán, Soria ",,"Almazán, Soria",75,,2019-04-11,300,0,3.0,1,0,0,False,False,True,False,False,False,False,False,False,False,False,False,False,False,False,False,False,False,False,False,False,False,False,False,False,False,False,False,False
Anuncio actualizado el 1 de abril,0,0,2.0,1,0,,no indicado,planta 2ª exterior,0,0,34999924,14,0,Burgo de Osma-Ciudad de Osma,"Calle Soria, 8 , 2I"," Calle Soria, 8 , 2I , Burgo de Osma-Ciudad de Osma , Burgo de Osma, Soria ",,"Burgo de Osma, Soria",115,,2019-04-11,600,0,4.0,1,0,1,False,False,True,False,False,False,False,False,False,False,False,False,False,False,True,False,False,False,False,False,False,False,False,False,False,False,False,False,False
Anuncio actualizado el 25 de febrero,0,1,1.0,1,0,,no indicado,planta 3ª exterior,0,0,38340761,14,0,Navaleno,"Avenida de la Constitución, 67"," Avenida de la Constitución, 67 , Navaleno , Pinares y Tierras Altas, Soria ",,"Pinares y Tierras Altas, Soria",100,,2019-04-11,250,0,4.0,0,0,1,False,False,True,False,False,False,False,False,True,False,False,False,False,False,False,False,False,False,False,False,False,False,False,False,False,True,False,False,False
Anuncio actualizado el 18 de marzo,0,0,2.0,0,0,,no indicado,3 plantas,0,0,1796463,18,,Valdenebro,"Calle Fragua, 5"," Calle Fragua, 5 , Valdenebro , Burgo de Osma, Soria ",,"Burgo de Osma, Soria",60,100,2019-04-11,350,0,3.0,1,0,0,False,False,True,False,False,False,False,False,False,False,False,False,False,False,False,False,False,False,False,False,False,False,False,False,False,False,False,False,False
Anuncio actualizado el 3 de febrero,0,0,2.0,1,0,,no indicado,planta 4ª exterior,1,0,1860732,14,1,Soria,Distrito Zona Polideportivos Asperon - Mariano Vicen," Calle Santa Teresa, 21 , Distrito Zona Polideportivos Asperon - Mariano Vicen , Soria , Área de Soria, Soria ","Calle Santa Teresa, 21","Área de Soria, Soria",120,100,2019-04-11,725,0,3.0,0,0,1,False,False,True,False,False,False,False,False,False,False,False,False,False,False,False,False,False,False,False,False,False,False,False,False,False,True,False,False,False
Anuncio actualizado el 7 de abril,0,0,3.0,0,0,,no indicado,,1,0,40506210,16,,Duruelo de la Sierra,"Avenida de Regumiel, 29"," Avenida de Regumiel, 29 , Duruelo de la Sierra , Pinares y Tierras Altas, Soria ",,"Pinares y Tierras Altas, Soria",145,,2019-04-11,500,0,4.0,1,0,1,False,False,True,False,False,False,False,False,False,False,False,False,False,False,False,False,False,False,False,False,False,False,False,False,False,False,False,False,False
Anuncio actualizado el 8 de marzo,0,1,2.0,1,0,,,planta 1ª exterior,0,0,83879756,14,1,Almazan,"Calle Tirso de Molina, 17"," Calle Tirso de Molina, 17 , Almazan , Almazán, Soria ",,"Almazán, Soria",124,114,2019-04-11,500,1,4.0,1,0,1,False,False,True,False,False,False,False,True,False,False,False,False,False,False,True,False,False,False,False,False,False,False,False,False,False,False,False,False,False
más de 2 meses sin actualizar,0,0,2.0,1,0,,en trámite,bajo exterior,1,1,84046286,14,0,Soria,Distrito Calaverón - Pajaritos," Calle Ramón de la Orden, 6 , Urb. Pajaritos , Distrito Calaverón - Pajaritos , Soria , Área de Soria, Soria ",Urb. Pajaritos,"Área de Soria, Soria",92,80,2019-04-11,650,0,2.0,1,1,1,False,False,True,False,False,False,False,False,False,False,False,False,False,False,False,False,False,False,False,False,False,False,False,False,False,True,False,False,False
Anuncio actualizado el 20 de febrero,0,0,1.0,0,0,,,planta 2ª exterior,1,0,81711030,14,1,Soria,Distrito Calaverón - Pajaritos," Calle Juan Antonio Simón, 20 , Distrito Calaverón - Pajaritos , Soria , Área de Soria, Soria ","Calle Juan Antonio Simón, 20","Área de Soria, Soria",120,96,2019-04-11,660,0,4.0,0,0,1,False,False,True,False,False,False,False,False,False,False,False,False,False,False,False,False,False,False,False,False,False,False,False,False,False,True,False,False,False
Anuncio actualizado el 10 de abril,0,0,1.0,0,0,,,planta 3ª exterior,0,0,39722553,14,1,Soria,Distrito Centro," Calle Teatro, 19 , Distrito Centro , Soria , Área de Soria, Soria ","Calle Teatro, 19","Área de Soria, Soria",40,,2019-04-11,375,0,1.0,0,0,0,False,False,True,False,False,False,False,False,False,False,False,False,False,False,False,False,False,False,False,False,False,False,False,False,False,False,False,False,False
Anuncio actualizado el 19 de marzo,0,0,3.0,0,0,,no indicado,3 plantas,1,1,84520039,18,,Almazan,Urb. Las acacias," Plaza Europa, 12 , Urb. Las acacias , Almazan , Almazán, Soria ","Plaza Europa, 12","Almazán, Soria",320,,2019-04-11,600,0,3.0,0,0,1,False,False,True,False,False,False,False,False,False,False,False,False,False,False,True,False,False,False,False,False,False,False,False,False,False,False,False,False,False
Anuncio actualizado el 4 de abril,0,0,2.0,0,0,,no indicado,planta 5ª exterior,1,1,27743174,15,1,Soria,Distrito Eduardo Saavedra - Eloy Sanz Villa," Calle Manuel Fraga Iribarne, 8 , Distrito Eduardo Saavedra - Eloy Sanz Villa , Soria , Área de Soria, Soria ","Calle Manuel Fraga Iribarne, 8","Área de Soria, Soria",110,,2019-04-11,680,0,3.0,0,1,0,False,False,True,False,False,False,False,False,False,False,False,False,False,False,False,False,False,False,False,False,False,False,False,False,False,False,False,False,False
Anuncio actualizado el 7 de abril,1,0,1.0,1,0,,en trámite,planta 6ª exterior,0,0,84898198,15,1,Soria,Distrito Santa Barbara-Barriada Yagüe," Calle Navas Tolosa, 16 , Distrito Santa Barbara-Barriada Yagüe , Soria , Área de Soria, Soria ","Calle Navas Tolosa, 16","Área de Soria, Soria",60,45,2019-04-11,450,0,1.0,1,0,0,False,False,True,False,False,False,False,False,False,False,False,False,False,False,False,False,False,False,False,False,False,False,False,False,False,True,False,False,False
Anuncio actualizado el 10 de abril,0,0,2.0,0,0,,no indicado,2 plantas,1,0,84793750,17,,San Pedro Manrique,"Calle Medio, 14"," Calle Medio, 14 , San Pedro Manrique , Pinares y Tierras Altas, Soria ",,"Pinares y Tierras Altas, Soria",180,,2019-04-11,350,0,2.0,0,0,0,False,False,True,False,False,False,False,True,False,False,False,False,False,True,False,False,False,False,False,False,False,False,False,False,False,False,False,False,False
Anuncio actualizado el 4 de abril,0,0,1.0,1,0,,no indicado,planta 1ª exterior,0,0,33979600,14,1,Arcos de Jalon,"Calle marqués de casablanca, 11"," Calle marqués de casablanca, 11 , Arcos de Jalon , Almazán, Soria ",,"Almazán, Soria",75,74,2019-04-11,300,0,3.0,1,0,1,False,False,True,False,False,False,False,False,False,False,False,False,False,False,False,False,False,False,False,False,False,False,False,False,False,False,False,False,False
Anuncio actualizado el 17 de marzo,0,0,2.0,1,0,,no indicado,planta 1ª exterior,0,0,82476236,14,0,Almazan,"Calle Tres cruces, 1"," Calle Tres cruces, 1 , Almazan , Almazán, Soria ",,"Almazán, Soria",125,115,2019-04-11,440,0,4.0,0,0,1,False,False,True,False,False,False,False,False,False,False,False,False,False,False,False,False,False,False,False,False,False,False,False,False,False,True,False,False,False
Anuncio actualizado el 31 de marzo,0,0,1.0,1,0,,en trámite,planta 7ª exterior,0,0,84753706,14,1,Soria,Distrito Zona Polideportivos Asperon - Mariano Vicen," Avenida Valladolid, 33 , Distrito Zona Polideportivos Asperon - Mariano Vicen , Soria , Área de Soria, Soria ","Avenida Valladolid, 33","Área de Soria, Soria",47,,2019-04-11,470,0,1.0,1,0,0,False,False,True,False,False,False,False,False,False,False,False,False,False,False,False,False,False,False,False,False,False,False,False,False,False,False,True,False,False
Anuncio actualizado el 7 de abril,0,1,3.0,0,0,,no indicado,planta 1ª exterior,0,0,84892330,14,0,San esteban de Gormaz,Urb. NO," Avenida Valladolid, 103 1º , Urb. NO , San esteban de Gormaz , Burgo de Osma, Soria ","Avenida Valladolid, 103 1º","Burgo de Osma, Soria",90,89,2019-04-11,1000,0,3.0,1,0,1,False,False,True,False,False,False,False,False,False,False,False,False,False,False,False,True,False,False,False,False,False,False,False,False,False,False,False,False,False
Anuncio actualizado el 25 de febrero,0,0,3.0,1,0,,en trámite,2 plantas,0,1,84404688,18,,Almazan,Urb. El Cinto," Calle Berlin, 3 , Urb. El Cinto , Almazan , Almazán, Soria ","Calle Berlin, 3","Almazán, Soria",150,120,2019-04-11,700,0,3.0,0,0,0,False,False,True,False,False,False,False,True,False,False,False,False,False,False,False,False,False,False,False,False,False,False,False,True,False,False,False,False,False
Anuncio actualizado el 1 de marzo,0,0,3.0,1,0,2003,en trámite,3 plantas,0,1,82767767,16,,Soria,Distrito Santa Barbara-Barriada Yagüe," ANTONIO ONCALA , Distrito Santa Barbara-Barriada Yagüe , Soria , Área de Soria, Soria ",ANTONIO ONCALA,"Área de Soria, Soria",260,230,2019-04-11,1200,0,4.0,1,0,1,False,False,True,False,False,False,False,False,False,True,False,False,False,False,False,True,False,False,False,False,False,False,False,False,False,False,False,False,False
Anuncio actualizado el 24 de marzo,0,0,3.0,0,0,,no indicado,3 plantas,1,1,36051775,16,,Vinuesa,"Urbanizacion Santa Ines, 13"," Urbanizacion Santa Ines, 13 , Vinuesa , Pinares y Tierras Altas, Soria ",,"Pinares y Tierras Altas, Soria",150,,2019-04-11,690,0,4.0,0,0,0,False,False,True,False,False,False,False,False,False,False,False,False,False,False,False,False,False,False,False,False,False,False,False,False,False,False,False,False,False
Anuncio actualizado el 9 de abril,0,0,2.0,0,0,1976,,2 plantas,0,0,82198083,16,,Cubo de la Solana,"Calle Carretera, 3"," Calle Carretera, 3 , Cubo de la Solana , Área de Soria, Soria ",,"Área de Soria, Soria",270,230,2019-04-11,800,1,6.0,0,0,0,False,False,True,False,False,False,False,True,False,False,False,False,False,False,False,False,False,False,False,False,False,False,False,False,False,False,False,True,False
Anuncio actualizado el 17 de marzo,0,0,2.0,0,0,,no indicado,2 plantas,0,0,84357753,16,,San Leonardo de Yague,"Calle Navacastellanos, 26"," Calle Navacastellanos, 26 , San Leonardo de Yague , Pinares y Tierras Altas, Soria ",,"Pinares y Tierras Altas, Soria",125,,2019-04-11,1000,0,3.0,0,0,1,False,False,True,False,False,False,False,False,False,False,False,False,False,False,False,False,False,False,False,False,False,False,False,False,False,False,False,False,False
Anuncio actualizado el 11 de abril,0,1,2.0,1,0,2010,inmueble exento,,1,1,84834899,18,,Almajano,," , Almajano , Pinares y Tierras Altas, Soria ",,"Pinares y Tierras Altas, Soria",400,125,2019-04-11,580,0,3.0,1,0,0,False,False,True,False,False,False,False,False,False,False,False,False,False,False,False,False,False,False,False,False,False,False,False,False,False,True,False,False,False
Anuncio actualizado el 10 de abril,0,0,1.0,1,0,1997,en trámite,planta 3ª exterior,0,0,84471589,14,1,Soria,Distrito Centro," , Distrito Centro , Soria , Área de Soria, Soria ",,"Área de Soria, Soria",84,75,2019-04-11,625,0,2.0,0,0,0,False,False,True,False,False,False,False,False,False,False,False,False,False,True,False,False,False,False,False,False,False,False,False,False,False,False,False,False,False
Anuncio actualizado el 24 de febrero,0,0,1.0,1,0,,no indicado,,0,1,301151,18,,San Leonardo de Yague,"Calle San Miguel, 16"," Calle San Miguel, 16 , San Leonardo de Yague , Pinares y Tierras Altas, Soria ",,"Pinares y Tierras Altas, Soria",60,80,2019-04-11,750,0,3.0,0,0,0,False,False,True,False,False,False,False,False,False,False,False,False,False,False,False,False,False,False,False,False,False,False,False,False,False,False,False,True,False
Anuncio actualizado el 8 de abril,0,0,2.0,1,0,,,planta 3ª exterior,0,1,25370691,14,1,Soria,Distrito Zona Polideportivos Asperon - Mariano Vicen," Calle del Pintor Maximino Peña, 8 , Urb. Los Porches , Distrito Zona Polideportivos Asperon - Mariano Vicen , Soria , Área de Soria, Soria ",Urb. Los Porches,"Área de Soria, Soria",110,94,2019-04-11,600,0,4.0,1,0,1,False,False,True,False,False,False,False,False,False,False,False,False,False,False,False,False,False,False,False,True,False,False,False,False,False,False,False,False,False
Anuncio actualizado el 3 de abril,0,0,4.0,1,0,,no indicado,planta 5ª exterior,1,1,27331521,14,1,Soria,Distrito Centro," Paseo el Espolón, 10 , Distrito Centro , Soria , Área de Soria, Soria ","Paseo el Espolón, 10","Área de Soria, Soria",366,290,2019-04-11,1500,1,5.0,1,0,0,False,False,True,False,False,False,False,False,False,False,False,False,False,False,False,False,False,False,False,False,False,False,False,False,False,True,False,False,False
Anuncio actualizado el 25 de marzo,0,1,12.0,1,1,,inmueble exento,3 plantas,0,1,28325414,19,,Montejo de Tiermes,Urb. Noviales," Calle de la Iglesia, 21 , Urb. Noviales , Montejo de Tiermes , Burgo de Osma, Soria ","Calle de la Iglesia, 21","Burgo de Osma, Soria",550,460,2019-04-11,975,0,10.0,0,0,0,False,False,True,False,False,False,True,False,False,False,False,False,False,False,False,False,False,False,False,False,True,False,False,False,False,False,False,False,False
Anuncio actualizado el 24 de febrero,0,0,2.0,0,0,,,planta 2ª exterior,0,0,30543329,14,1,Soria,Distrito Calaverón - Pajaritos," Calle Francisco Soto, 11 , Distrito Calaverón - Pajaritos , Soria , Área de Soria, Soria ","Calle Francisco Soto, 11","Área de Soria, Soria",120,,2019-04-11,700,0,4.0,0,0,0,False,False,True,False,False,False,False,False,False,False,False,False,False,False,False,False,False,False,False,False,False,False,False,False,False,True,False,False,False
Anuncio actualizado el 2 de abril,0,0,2.0,1,0,1961,en trámite,planta 1ª exterior,0,0,84868311,14,1,Almazan,," , Almazan , Almazán, Soria ",,"Almazán, Soria",72,,2019-04-11,495,0,2.0,1,0,0,False,False,True,False,False,False,False,False,False,True,False,False,False,False,False,False,False,False,False,False,False,False,False,True,False,False,False,False,False
Anuncio actualizado el 5 de marzo,0,0,1.0,0,1,,no indicado,1 planta,0,0,31330308,17,,San esteban de Gormaz,"Calle hoyo, 5"," Calle hoyo, 5 , San esteban de Gormaz , Burgo de Osma, Soria ",,"Burgo de Osma, Soria",70,,2019-04-11,380,0,2.0,1,0,0,False,False,True,False,False,False,False,False,False,False,False,False,False,False,False,False,False,False,False,False,False,False,False,False,False,False,False,False,False
Anuncio actualizado el 17 de marzo,0,0,2.0,1,0,,no indicado,planta 8ª exterior,0,1,1922059,14,1,Almazan,"Calle Gran Vía, 25"," Calle Gran Vía, 25 , Almazan , Almazán, Soria ",,"Almazán, Soria",95,89,2019-04-11,500,0,4.0,0,0,1,False,False,True,False,False,False,False,False,False,False,False,False,False,False,False,False,False,False,False,False,False,False,False,False,False,True,False,False,False
Anuncio actualizado el 11 de febrero,0,0,4.0,1,0,,,2 plantas,0,0,1759335,16,,San esteban de Gormaz,"Calle Santa Olalla, 11"," Calle Santa Olalla, 11 , San esteban de Gormaz , Burgo de Osma, Soria ",,"Burgo de Osma, Soria",180,140,2019-04-11,650,0,6.0,1,0,0,False,False,True,False,False,False,False,False,False,False,False,False,False,False,False,True,False,False,False,False,False,False,False,False,False,False,False,False,False
Anuncio actualizado el 11 de abril,0,0,1.0,0,0,,,planta 4ª exterior,0,0,84412392,14,1,Soria,Distrito Calaverón - Pajaritos," Calle Caballeros, 1 , Distrito Calaverón - Pajaritos , Soria , Área de Soria, Soria ","Calle Caballeros, 1","Área de Soria, Soria",85,75,2019-04-11,580,0,3.0,0,0,0,False,False,True,False,False,False,False,False,False,True,False,False,False,False,False,False,False,False,False,False,False,False,False,False,False,False,False,False,False
Anuncio actualizado el 11 de abril,0,1,2.0,0,0,,en trámite,planta 10ª exterior,0,0,84809825,14,1,Almazan,"Via Gran, 27"," Via Gran, 27 , Almazan , Almazán, Soria ",,"Almazán, Soria",95,87,2019-04-11,500,1,4.0,0,0,0,False,False,True,False,False,True,False,False,False,False,False,False,False,False,False,False,False,False,False,False,False,False,False,False,False,True,False,False,False
Anuncio actualizado el 7 de abril,0,1,15.0,0,1,,no indicado,,0,1,84664359,19,,Quintanas de Gormaz,Camino de las Fuentes s/n," Camino de las Fuentes s/n , Quintanas de Gormaz , Burgo de Osma, Soria ",,"Burgo de Osma, Soria",996,,2019-04-11,3000,0,11.0,0,0,1,False,False,True,False,False,False,False,False,False,False,False,False,False,False,False,False,False,False,False,False,False,False,False,False,False,False,False,False,False
Anuncio actualizado el 31 de marzo,0,0,1.0,0,0,,en trámite,planta 1ª exterior,0,0,396168,14,1,Berlanga de Duero,"Calle Postigo, 40"," Calle Postigo, 40 , Berlanga de Duero , Almazán, Soria ",,"Almazán, Soria",45,,2019-04-11,305,0,1.0,0,0,1,False,False,True,False,False,False,False,False,False,False,False,False,False,False,False,False,False,False,False,False,False,False,False,False,False,False,False,False,False
Anuncio actualizado el 7 de abril,0,0,2.0,0,0,,,planta 1ª exterior,1,0,84476771,14,1,San Leonardo de Yague,"Calle de san pedro, 1"," Calle de san pedro, 1 , San Leonardo de Yague , Pinares y Tierras Altas, Soria ",,"Pinares y Tierras Altas, Soria",84,,2019-04-11,370,0,3.0,0,0,0,False,False,True,False,False,False,False,False,False,False,False,False,False,False,False,False,False,False,False,False,False,False,False,True,False,False,False,False,False
Anuncio actualizado el 8 de abril,0,0,1.0,1,0,,,planta 3ª exterior,0,0,84972810,14,1,Soria,Distrito Centro," Avenida Navarra, 6 , Distrito Centro , Soria , Área de Soria, Soria ","Avenida Navarra, 6","Área de Soria, Soria",50,45,2019-04-11,600,0,1.0,1,0,0,False,False,True,False,False,False,False,False,False,False,False,False,False,False,False,False,False,False,False,False,False,False,False,False,False,True,False,False,False
Anuncio actualizado el 24 de febrero,0,1,4.0,0,0,,,planta 4ª exterior,1,0,84074285,20,1,Soria,Distrito Centro," Calle Teatro, 6 , Distrito Centro , Soria , Área de Soria, Soria ","Calle Teatro, 6","Área de Soria, Soria",160,,2019-04-11,900,0,6.0,1,0,0,False,False,True,False,False,False,False,False,False,False,False,False,False,False,True,False,False,False,False,False,False,False,False,False,False,False,False,False,False
Anuncio actualizado el 7 de abril,0,0,1.0,1,0,,en trámite,3 plantas,0,1,84880986,16,,Olvega,"Calle el Gato, 2"," Calle el Gato, 2 , Olvega , Área de Soria, Soria ",,"Área de Soria, Soria",200,110,2019-04-11,300,0,3.0,1,0,0,False,False,False,True,False,False,False,False,False,False,False,False,True,False,False,True,False,False,False,False,False,False,False,False,False,False,False,False,False
Anuncio actualizado el 10 de marzo,0,0,2.0,1,0,,inmueble exento,planta 5ª exterior,0,0,84564933,14,1,Soria,Distrito Zona Polideportivos Asperon - Mariano Vicen," Calle Santa Teresa de Jesús, 19 , Distrito Zona Polideportivos Asperon - Mariano Vicen , Soria , Área de Soria, Soria ","Calle Santa Teresa de Jesús, 19","Área de Soria, Soria",110,99,2019-04-11,700,1,3.0,1,0,1,False,False,True,False,False,False,True,False,False,False,False,False,False,False,False,False,False,False,False,True,False,False,False,False,False,False,False,False,False
Anuncio actualizado el 7 de abril,0,1,2.0,1,0,,,planta 2ª exterior,1,0,84855562,14,0,Burgo de Osma-Ciudad de Osma,"Calle San Agustin, 2"," Calle San Agustin, 2 , Burgo de Osma-Ciudad de Osma , Burgo de Osma, Soria ",,"Burgo de Osma, Soria",130,,2019-04-11,650,0,3.0,1,0,1,False,False,True,False,False,False,False,False,False,False,False,False,False,False,False,False,False,False,False,False,False,False,False,False,False,True,False,False,False
Anuncio actualizado el 1 de marzo,0,0,1.0,0,0,2006,,planta 5ª exterior,1,1,82861368,15,1,Soria,Distrito Calaverón - Pajaritos," , Distrito Calaverón - Pajaritos , Soria , Área de Soria, Soria ",,"Área de Soria, Soria",80,58,2019-04-11,550,0,2.0,1,0,1,False,False,True,False,True,False,False,False,False,False,False,False,False,False,False,False,False,False,False,False,False,False,False,False,False,False,False,False,False
Anuncio actualizado el 1 de abril,0,1,2.0,1,0,,,planta 6ª exterior,1,1,84875833,14,1,Soria,Distrito Eduardo Saavedra - Eloy Sanz Villa," Calle Luisa de Medrano, 4 , Urb. Domus Royales , Distrito Eduardo Saavedra - Eloy Sanz Villa , Soria , Área de Soria, Soria ",Urb. Domus Royales,"Área de Soria, Soria",115,,2019-04-11,900,0,3.0,1,0,1,False,False,True,False,True,False,False,False,False,False,False,False,False,False,True,False,False,False,False,False,False,False,False,False,False,False,False,False,False
Anuncio actualizado el 22 de marzo,0,0,2.0,0,0,1969,,2 plantas,1,0,82822532,18,,Abejar,"Calle REAL, 1"," Calle REAL, 1 , Abejar , Pinares y Tierras Altas, Soria ",,"Pinares y Tierras Altas, Soria",270,200,2019-04-11,450,0,2.0,1,0,0,False,False,True,False,False,False,False,True,False,False,False,False,False,False,False,False,False,False,False,False,False,False,False,False,False,True,False,False,False
Anuncio actualizado el 10 de abril,0,0,3.0,0,0,1970,,planta 4ª exterior,0,0,83896069,14,1,Soria,Distrito Calaverón - Pajaritos," Calle Juan Antonio Simón, 10 , Distrito Calaverón - Pajaritos , Soria , Área de Soria, Soria ","Calle Juan Antonio Simón, 10","Área de Soria, Soria",96,82,2019-04-11,630,0,4.0,0,0,1,False,False,False,False,False,False,False,False,False,False,False,False,False,False,False,False,False,False,False,False,False,False,False,False,False,False,True,False,False
Anuncio actualizado el 1 de abril,0,1,1.0,1,0,1994,,planta 2ª,0,0,84353934,14,1,Soria,Distrito Zona Polideportivos Asperon - Mariano Vicen," Calle Laguna Negra, 2 , Distrito Zona Polideportivos Asperon - Mariano Vicen , Soria , Área de Soria, Soria ","Calle Laguna Negra, 2","Área de Soria, Soria",78,,2019-04-11,550,0,2.0,0,0,0,False,False,True,False,False,False,False,False,False,False,False,False,False,False,True,False,False,False,False,False,False,False,False,False,False,False,False,False,False
Anuncio actualizado el 10 de abril,0,0,1.0,0,0,,,planta 1ª exterior,0,0,84812079,14,0,Soria,Distrito Santa Barbara-Barriada Yagüe," ROTA DE CALATAÑAZOR, 2 , Distrito Santa Barbara-Barriada Yagüe , Soria , Área de Soria, Soria ","ROTA DE CALATAÑAZOR, 2","Área de Soria, Soria",120,108,2019-04-11,550,0,1.0,0,0,0,False,False,True,False,False,False,False,False,False,False,False,False,False,False,False,False,False,False,False,False,False,False,False,False,False,False,False,False,False
Anuncio actualizado el 7 de abril,0,0,2.0,1,0,,en trámite,planta 4ª exterior,0,0,27331082,14,1,Soria,Distrito Zona Polideportivos Asperon - Mariano Vicen," Calle Mosquera Barnuevo, 10 , Distrito Zona Polideportivos Asperon - Mariano Vicen , Soria , Área de Soria, Soria ","Calle Mosquera Barnuevo, 10","Área de Soria, Soria",95,80,2019-04-11,950,0,3.0,0,0,0,False,False,True,False,False,False,False,False,False,False,False,False,False,True,False,False,False,False,False,False,False,False,False,False,False,False,False,False,False
Anuncio actualizado el 17 de marzo,0,0,2.0,0,0,,no indicado,,0,1,322400,21,,San Leonardo de Yague,Urb. fuente del pino," Calle Navacastellanos, 34 , Urb. fuente del pino , San Leonardo de Yague , Pinares y Tierras Altas, Soria ","Calle Navacastellanos, 34","Pinares y Tierras Altas, Soria",250,,2019-04-11,1000,0,3.0,0,0,1,False,False,True,False,False,False,False,False,False,False,False,False,False,False,False,False,False,False,False,False,False,False,False,False,False,False,False,False,False
Anuncio actualizado el 5 de febrero,0,0,1.0,1,0,,,planta 1ª interior,0,0,25651654,14,1,Soria,Distrito Centro," Calle Ferial, 4 , Distrito Centro , Soria , Área de Soria, Soria ","Calle Ferial, 4","Área de Soria, Soria",60,,2019-04-11,470,1,1.0,0,0,0,False,False,True,False,False,False,False,False,False,False,False,False,False,True,False,False,False,False,False,False,False,False,False,False,False,False,False,False,False
Anuncio actualizado el 31 de marzo,0,0,1.0,1,0,,no indicado,planta 2ª exterior,1,0,25873866,14,0,Vinuesa,Urb. laguna negra," Calle San Roque, 3 , Urb. laguna negra , Vinuesa , Pinares y Tierras Altas, Soria ","Calle San Roque, 3","Pinares y Tierras Altas, Soria",88,72,2019-04-11,400,0,3.0,1,0,1,False,False,True,False,False,False,False,False,False,False,False,False,False,False,False,False,False,False,False,False,False,False,False,False,False,True,False,False,False
Anuncio actualizado el 26 de marzo,0,0,1.0,0,0,,en trámite,planta 1ª exterior,0,0,82041062,14,1,Berlanga de Duero,"Calle el Postigo, 42"," Calle el Postigo, 42 , Berlanga de Duero , Almazán, Soria ",,"Almazán, Soria",46,43,2019-04-11,305,0,1.0,0,0,1,False,False,True,False,False,False,False,False,False,False,False,False,True,False,False,False,False,False,False,False,False,False,False,False,False,False,False,False,False
Anuncio actualizado el 10 de abril,0,0,5.0,1,0,,no indicado,3 plantas,0,1,37976889,18,,Almarza,Calle Real s/n," Calle Real s/n , Almarza , Pinares y Tierras Altas, Soria ",,"Pinares y Tierras Altas, Soria",800,320,2019-04-11,1200,0,6.0,1,0,0,False,False,True,False,False,False,False,False,False,False,False,False,False,False,False,False,False,False,False,False,False,True,False,False,False,False,False,False,False
Anuncio actualizado el 18 de enero,0,0,3.0,1,0,2003,,,1,1,83083233,16,,Soria,Distrito Santa Barbara-Barriada Yagüe," Calle Antonio Oncala , Distrito Santa Barbara-Barriada Yagüe , Soria , Área de Soria, Soria ",Calle Antonio Oncala,"Área de Soria, Soria",161,188,2019-04-11,1200,0,4.0,0,0,1,False,False,True,False,False,False,False,False,False,False,False,False,False,False,True,False,False,False,False,False,False,False,False,False,False,False,False,False,False
Anuncio actualizado el 2 de diciembre,0,0,2.0,1,0,,en trámite,1 planta,1,1,31334683,21,,Bayubas de Abajo,"Calle real, 6"," Calle real, 6 , Bayubas de Abajo , Almazán, Soria ",,"Almazán, Soria",140,,2019-04-11,850,0,3.0,0,0,1,False,False,True,False,False,False,False,False,False,False,False,False,False,False,False,False,False,False,False,False,False,False,False,False,False,False,True,False,False
Anuncio actualizado el 24 de octubre,0,0,2.0,0,0,1992,,,1,0,82733125,16,,Soria,Distrito La Florida - San Pedro," las casas en soria, 50 , Distrito La Florida - San Pedro , Soria , Área de Soria, Soria ","las casas en soria, 50","Área de Soria, Soria",73,120,2019-04-11,750,0,4.0,1,0,1,False,False,True,False,False,False,False,False,False,False,False,False,False,False,False,False,False,False,False,False,False,False,False,False,False,False,False,False,False
Anuncio actualizado el 5 de abril,0,0,1.0,0,0,1994,en trámite,planta 2ª exterior,0,0,39449023,14,1,Soria,Distrito Santa Barbara-Barriada Yagüe," , Distrito Santa Barbara-Barriada Yagüe , Soria , Área de Soria, Soria ",,"Área de Soria, Soria",82,69,2019-04-11,400,0,2.0,0,0,0,False,False,True,False,True,False,False,False,False,False,False,False,False,True,False,False,False,False,False,False,False,False,False,False,False,False,False,False,False
Anuncio actualizado el 5 de abril,0,0,1.0,0,0,1965,,planta 2ª,0,0,84024022,14,0,Soria,Distrito Centro," Calle Sanz Oliveros , Distrito Centro , Soria , Área de Soria, Soria ",Calle Sanz Oliveros,"Área de Soria, Soria",94,,2019-04-11,440,0,4.0,0,0,0,False,False,False,False,False,False,False,False,False,False,False,False,False,False,False,False,False,False,False,False,False,False,False,False,False,False,False,False,False
Anuncio actualizado el 8 de abril,0,0,1.0,0,1,,en trámite,,0,0,82103216,19,,Cidones,Calle del Pozo s/n," Calle del Pozo s/n , Cidones , Área de Soria, Soria ",,"Área de Soria, Soria",60,,2019-04-11,400,0,2.0,1,0,0,False,False,True,False,False,False,False,False,False,False,False,False,False,False,False,False,False,False,False,False,False,False,False,False,False,False,False,False,False
Anuncio actualizado el 8 de abril,0,0,2.0,1,0,1990,,planta 6ª,0,0,81713200,15,1,Soria,Distrito La Florida - San Pedro," Carretera de Logroño, 3 , Distrito La Florida - San Pedro , Soria , Área de Soria, Soria ","Carretera de Logroño, 3","Área de Soria, Soria",96,92,2019-04-11,550,0,3.0,0,0,1,False,False,True,False,False,False,False,False,False,False,False,False,False,True,False,False,False,False,False,False,False,False,False,False,False,False,False,False,False
Anuncio actualizado el 11 de abril,0,0,1.0,0,0,,,bajo,0,0,85028773,14,1,Olvega,Calle Comuneros de Castilla," Calle Comuneros de Castilla , Olvega , Área de Soria, Soria ",,"Área de Soria, Soria",119,80,2019-04-11,320,0,3.0,0,0,0,False,False,True,False,False,False,False,False,False,False,False,False,False,False,False,False,False,False,False,False,False,False,False,False,False,False,False,False,False
Anuncio actualizado el 10 de abril,0,0,1.0,0,0,2001,,bajo,0,0,32550378,14,0,Soria,Distrito Calaverón - Pajaritos," Calle San Martín Finojosa, 15 , Distrito Calaverón - Pajaritos , Soria , Área de Soria, Soria ","Calle San Martín Finojosa, 15","Área de Soria, Soria",60,55,2019-04-11,475,0,2.0,0,0,1,False,False,True,False,False,False,False,False,False,False,False,False,False,False,False,False,False,False,False,False,False,False,False,False,False,True,False,False,False
Anuncio actualizado el 9 de abril,0,0,2.0,0,0,,no indicado,bajo,1,0,84995347,14,0,Olvega,AMERICA," AMERICA , Olvega , Área de Soria, Soria ",,"Área de Soria, Soria",96,80,2019-04-11,320,0,3.0,0,0,0,False,False,False,False,False,False,False,False,False,False,False,False,False,False,False,False,False,False,False,False,False,False,False,False,False,False,False,False,False
Anuncio actualizado el 10 de abril,0,1,2.0,1,0,,,planta 2ª exterior,0,0,85007777,14,1,Almazan,"Calle Puerto de Piqueras, 4"," Calle Puerto de Piqueras, 4 , Almazan , Almazán, Soria ",,"Almazán, Soria",130,120,2019-04-11,550,0,4.0,0,0,1,False,False,True,False,False,False,False,False,False,False,False,False,False,True,False,False,False,False,False,False,False,False,False,False,False,False,False,False,False
Anuncio actualizado el 10 de abril,0,0,1.0,0,0,,en trámite,planta 2ª interior,0,1,85009915,14,1,Soria,Distrito Centro," , Distrito Centro , Soria , Área de Soria, Soria ",,"Área de Soria, Soria",58,,2019-04-11,500,0,1.0,0,0,0,False,False,True,False,False,False,False,True,False,False,False,False,False,False,False,False,False,False,False,False,False,False,False,False,False,False,False,False,False
Anuncio actualizado el 10 de abril,0,0,1.0,1,0,,no indicado,planta 1ª exterior,0,0,85012695,14,0,Moron de Almazan,Barrio del Pilar s/n," Barrio del Pilar s/n , Moron de Almazan , Almazán, Soria ",,"Almazán, Soria",80,79,2019-04-11,450,0,3.0,0,0,0,False,False,True,False,False,False,False,True,False,False,False,False,False,False,False,False,False,False,False,False,False,False,False,False,False,True,False,False,False
Anuncio actualizado el 11 de abril,0,0,1.0,0,1,,en trámite,2 plantas,0,1,85014481,17,,Miño de Medinaceli,"Camino de medina, 8"," Camino de medina, 8 , Miño de Medinaceli , Almazán, Soria ",,"Almazán, Soria",600,50,2019-04-11,400,0,2.0,0,0,1,False,False,True,False,False,False,False,False,False,False,False,False,False,True,False,False,False,False,False,False,False,False,False,False,False,False,False,False,False
Anuncio actualizado el 10 de abril,0,1,1.0,0,0,,no indicado,planta 1ª exterior,0,0,85015786,14,0,Medinaceli,"Avenida Madrid, 80"," Avenida Madrid, 80 , Medinaceli , Almazán, Soria ",,"Almazán, Soria",75,70,2019-04-11,350,0,3.0,0,0,0,False,False,True,False,False,False,False,False,False,False,False,False,False,False,False,False,False,False,False,True,False,False,False,False,False,False,False,False,False
Anuncio actualizado el 10 de abril,0,0,2.0,0,0,,no indicado,planta 3ª exterior,0,0,85023491,14,1,Soria,Distrito Centro," Calle San Juan de Rabanera, 9 , Distrito Centro , Soria , Área de Soria, Soria ","Calle San Juan de Rabanera, 9","Área de Soria, Soria",115,,2019-04-11,600,0,4.0,0,0,0,False,False,True,False,False,False,False,False,False,False,False,False,False,False,False,False,False,False,False,False,False,False,False,False,False,False,False,False,False
