price,bath_num,room_num,house_type,house_id,m2_real,m2_useful,loc_city,loc_zone,construct_date,garage
700,1.0,1.0,16,84881792,60,,Eibar,"Bajo Deba, Guipúzcoa",,1
700,1.0,2.0,16,83169712,65,,Lezo,"Donostialdea, Guipúzcoa",,1
880,1.0,1.0,16,83114823,60,,Donostia-San Sebastián,"Donostialdea, Guipúzcoa",,1
1500,2.0,4.0,17,38257631,120,,Lezo,"Donostialdea, Guipúzcoa",,1
1500,1.0,4.0,18,31008847,420,417,Ikaztegieta,"Tolosaldea, Guipúzcoa",,1
1250,1.0,3.0,16,32249349,70,67,Donostia-San Sebastián,"Donostialdea, Guipúzcoa",,0
1200,2.0,2.0,16,82877731,100,87,Hondarribia,"Bajo Bidasoa, Guipúzcoa",,0
1450,1.0,2.0,16,39724295,86,,Irun,"Bajo Bidasoa, Guipúzcoa",,1
1250,1.0,3.0,16,28411980,75,70,Donostia-San Sebastián,"Donostialdea, Guipúzcoa",,0
1600,2.0,2.0,16,83033432,78,75,Donostia-San Sebastián,"Donostialdea, Guipúzcoa",,1
1600,4.0,4.0,19,83492325,240,150,Hernani,"Donostialdea, Guipúzcoa",,1
1400,2.0,2.0,16,82468697,85,72,Hondarribia,"Bajo Bidasoa, Guipúzcoa",,0
800,1.0,2.0,16,83664537,65,64,Donostia-San Sebastián,"Donostialdea, Guipúzcoa",,0
600,1.0,2.0,16,1642069,80,,Eibar,"Bajo Deba, Guipúzcoa",,0
1500,1.0,2.0,16,40184362,55,50,Donostia-San Sebastián,"Donostialdea, Guipúzcoa",,1
900,2.0,4.0,16,83794669,100,,Eskoriatza,"Alto Deba, Guipúzcoa",,0
1200,1.0,2.0,16,83953427,62,,Donostia-San Sebastián,"Donostialdea, Guipúzcoa",,0
950,2.0,2.0,16,84152932,85,,Hondarribia,"Bajo Bidasoa, Guipúzcoa",,1
600,1.0,0.0,20,84708463,40,,Pasaia,"Donostialdea, Guipúzcoa",,0
1200,1.0,4.0,16,558299,100,90,Hondarribia,"Bajo Bidasoa, Guipúzcoa",,0
1150,1.0,1.0,16,84271827,50,45,Donostia-San Sebastián,"Donostialdea, Guipúzcoa",,0
1200,1.0,2.0,16,82905110,60,,Donostia-San Sebastián,"Donostialdea, Guipúzcoa",,0
1600,2.0,4.0,16,83436738,110,102,Donostia-San Sebastián,"Donostialdea, Guipúzcoa",,0
760,1.0,3.0,16,83915903,125,,Hernani,"Donostialdea, Guipúzcoa",,0
2000,1.0,3.0,16,40557684,90,,Donostia-San Sebastián,"Donostialdea, Guipúzcoa",,0
1100,2.0,3.0,16,27120312,85,77,Donostia-San Sebastián,"Donostialdea, Guipúzcoa",,0
900,1.0,2.0,16,84231993,60,58,Donostia-San Sebastián,"Donostialdea, Guipúzcoa",1960,0
1000,1.0,1.0,21,40138698,45,40,Donostia-San Sebastián,"Donostialdea, Guipúzcoa",,0
1200,2.0,3.0,16,83760371,85,,Donostia-San Sebastián,"Donostialdea, Guipúzcoa",,0
700,2.0,3.0,16,83959190,90,,Lazkao,"Goierri, Guipúzcoa",,0
1700,3.0,3.0,22,81699432,170,,Donostia-San Sebastián,"Donostialdea, Guipúzcoa",,1
600,1.0,2.0,16,29471633,70,,Eibar,"Bajo Deba, Guipúzcoa",,0
2100,1.0,0.0,20,33851144,68,60,Orio,"Urola Kosta, Guipúzcoa",,0
830,1.0,2.0,16,28220452,57,56,Donostia-San Sebastián,"Donostialdea, Guipúzcoa",,0
750,1.0,2.0,16,30480791,80,,Lezo,"Donostialdea, Guipúzcoa",,0
790,2.0,2.0,16,38775791,70,65,Renteria / Errenteria,"Donostialdea, Guipúzcoa",,0
850,1.0,1.0,21,84365243,40,35,Donostia-San Sebastián,"Donostialdea, Guipúzcoa",,0
1800,1.0,4.0,17,37202975,100,,Oiartzun,"Donostialdea, Guipúzcoa",,0
850,1.0,3.0,16,84684098,80,,Donostia-San Sebastián,"Donostialdea, Guipúzcoa",,0
1600,2.0,4.0,16,84178384,120,115,Donostia-San Sebastián,"Donostialdea, Guipúzcoa",,0
900,1.0,2.0,16,84243716,66,65,Donostia-San Sebastián,"Donostialdea, Guipúzcoa",,0
700,1.0,2.0,16,84480951,60,,Irun,"Bajo Bidasoa, Guipúzcoa",,0
850,1.0,1.0,16,84508577,45,,Donostia-San Sebastián,"Donostialdea, Guipúzcoa",,1
1800,3.0,4.0,16,84560315,163,160,Donostia-San Sebastián,"Donostialdea, Guipúzcoa",,1
950,2.0,3.0,16,84741027,93,90,Donostia-San Sebastián,"Donostialdea, Guipúzcoa",,0
800,2.0,3.0,16,32946036,90,68,Renteria / Errenteria,"Donostialdea, Guipúzcoa",,0
850,1.0,1.0,16,34292263,40,38,Donostia-San Sebastián,"Donostialdea, Guipúzcoa",,0
980,1.0,2.0,16,1876967,50,45,Donostia-San Sebastián,"Donostialdea, Guipúzcoa",,1
1400,2.0,3.0,16,83842052,115,110,Donostia-San Sebastián,"Donostialdea, Guipúzcoa",,0
1350,1.0,1.0,16,83844679,60,59,Donostia-San Sebastián,"Donostialdea, Guipúzcoa",,0
1200,2.0,2.0,16,29375457,85,,Donostia-San Sebastián,"Donostialdea, Guipúzcoa",,0
1200,1.0,3.0,16,84148635,85,,Donostia-San Sebastián,"Donostialdea, Guipúzcoa",,0
3000,3.0,4.0,16,84164612,170,,Donostia-San Sebastián,"Donostialdea, Guipúzcoa",,1
2200,2.0,2.0,16,84294266,100,98,Donostia-San Sebastián,"Donostialdea, Guipúzcoa",,0
825,1.0,3.0,16,84305397,63,53,Hondarribia,"Bajo Bidasoa, Guipúzcoa",,0
790,1.0,0.0,20,84352177,55,,Donostia-San Sebastián,"Donostialdea, Guipúzcoa",,0
1000,2.0,3.0,16,30957659,90,85,Donostia-San Sebastián,"Donostialdea, Guipúzcoa",,0
580,1.0,3.0,16,84674568,85,,Mendaro,"Bajo Deba, Guipúzcoa",,0
600,1.0,3.0,16,84430550,86,,Anoeta,"Tolosaldea, Guipúzcoa",,0
1800,1.0,2.0,16,34784537,48,42,Donostia-San Sebastián,"Donostialdea, Guipúzcoa",,0
550,1.0,3.0,16,33668247,70,,Legazpia,"Goierri, Guipúzcoa",,1
850,1.0,1.0,16,84706961,45,,Donostia-San Sebastián,"Donostialdea, Guipúzcoa",,1
800,1.0,2.0,16,83965875,75,65,Donostia-San Sebastián,"Donostialdea, Guipúzcoa",,0
850,1.0,3.0,16,84457662,70,60,Donostia-San Sebastián,"Donostialdea, Guipúzcoa",1929,0
800,2.0,3.0,16,84631964,91,90,Donostia-San Sebastián,"Donostialdea, Guipúzcoa",,0
800,1.0,2.0,16,84647462,50,,Donostia-San Sebastián,"Donostialdea, Guipúzcoa",,0
850,1.0,1.0,16,84764712,46,36,Donostia-San Sebastián,"Donostialdea, Guipúzcoa",1957,0
1550,2.0,3.0,16,84385687,100,99,Donostia-San Sebastián,"Donostialdea, Guipúzcoa",,0
800,2.0,3.0,16,84182204,80,,Irun,"Bajo Bidasoa, Guipúzcoa",1983,0
700,2.0,3.0,16,84634838,84,80,Lezo,"Donostialdea, Guipúzcoa",,0
660,1.0,2.0,16,84712920,55,50,Renteria / Errenteria,"Donostialdea, Guipúzcoa",,0
1100,1.0,3.0,16,35806612,100,85,Donostia-San Sebastián,"Donostialdea, Guipúzcoa",,0
900,2.0,2.0,16,81954991,65,60,Donostia-San Sebastián,"Donostialdea, Guipúzcoa",1900,0
1400,2.0,3.0,16,34429800,110,100,Donostia-San Sebastián,"Donostialdea, Guipúzcoa",,0
1500,1.0,1.0,16,82828610,62,51,Donostia-San Sebastián,"Donostialdea, Guipúzcoa",,0
1400,2.0,2.0,16,83558543,85,77,Donostia-San Sebastián,"Donostialdea, Guipúzcoa",,1
1100,2.0,3.0,16,28438194,135,125,Donostia-San Sebastián,"Donostialdea, Guipúzcoa",,0
950,1.0,1.0,16,83902852,55,,Donostia-San Sebastián,"Donostialdea, Guipúzcoa",,0
900,1.0,1.0,16,25822661,40,38,Donostia-San Sebastián,"Donostialdea, Guipúzcoa",,0
1200,2.0,3.0,16,81854860,95,94,Donostia-San Sebastián,"Donostialdea, Guipúzcoa",,0
890,1.0,2.0,16,33205073,75,70,Donostia-San Sebastián,"Donostialdea, Guipúzcoa",,0
2300,2.0,3.0,16,84267212,120,118,Donostia-San Sebastián,"Donostialdea, Guipúzcoa",,1
620,1.0,1.0,16,29728960,33,30,Pasaia,"Donostialdea, Guipúzcoa",,0
1950,3.0,5.0,22,81336845,100,300,Donostia-San Sebastián,"Donostialdea, Guipúzcoa",,1
1800,3.0,5.0,22,82141732,100,285,Donostia-San Sebastián,"Donostialdea, Guipúzcoa",,0
800,1.0,2.0,16,84081846,50,,Hondarribia,"Bajo Bidasoa, Guipúzcoa",2018,0
780,2.0,3.0,16,84171156,70,67,Donostia-San Sebastián,"Donostialdea, Guipúzcoa",,0
1500,2.0,4.0,16,84195766,120,100,Donostia-San Sebastián,"Donostialdea, Guipúzcoa",,0
825,1.0,1.0,16,27296144,50,43,Donostia-San Sebastián,"Donostialdea, Guipúzcoa",,0
750,1.0,3.0,16,84401274,55,49,Donostia-San Sebastián,"Donostialdea, Guipúzcoa",,0
700,1.0,1.0,16,39983454,45,40,Donostia-San Sebastián,"Donostialdea, Guipúzcoa",,0
900,1.0,2.0,16,29494269,50,,Donostia-San Sebastián,"Donostialdea, Guipúzcoa",,1
1000,2.0,3.0,16,30766344,90,89,Donostia-San Sebastián,"Donostialdea, Guipúzcoa",,0
550,1.0,3.0,16,84601213,90,85,Eskoriatza,"Alto Deba, Guipúzcoa",,0
770,1.0,1.0,18,35467024,65,,Lasarte-Oria,"Donostialdea, Guipúzcoa",,0
900,2.0,3.0,16,31052192,80,,Getaria,"Urola Kosta, Guipúzcoa",,0
750,1.0,1.0,16,2139405,70,,Beasain,"Goierri, Guipúzcoa",,0
1350,2.0,2.0,16,38671815,75,70,Donostia-San Sebastián,"Donostialdea, Guipúzcoa",,1
850,1.0,1.0,16,84420130,55,50,Donostia-San Sebastián,"Donostialdea, Guipúzcoa",,0
960,1.0,1.0,16,84478285,41,,Donostia-San Sebastián,"Donostialdea, Guipúzcoa",,0
800,2.0,2.0,16,84652253,65,,Lasarte-Oria,"Donostialdea, Guipúzcoa",,1
900,2.0,3.0,16,32113132,110,95,Bergara,"Alto Deba, Guipúzcoa",,0
2200,4.0,4.0,18,82255969,163,,Donostia-San Sebastián,"Donostialdea, Guipúzcoa",,1
550,2.0,3.0,16,40450094,95,80,Zaldibia,"Goierri, Guipúzcoa",2009,0
900,1.0,1.0,16,37913416,65,,Donostia-San Sebastián,"Donostialdea, Guipúzcoa",,0
900,1.0,2.0,16,28615579,65,,Donostia-San Sebastián,"Donostialdea, Guipúzcoa",,0
660,1.0,3.0,16,27382026,70,65,Donostia-San Sebastián,"Donostialdea, Guipúzcoa",,0
1200,2.0,4.0,16,84100447,105,95,Donostia-San Sebastián,"Donostialdea, Guipúzcoa",,0
1100,1.0,1.0,16,84287578,52,50,Donostia-San Sebastián,"Donostialdea, Guipúzcoa",,0
850,1.0,1.0,16,84615726,50,40,Donostia-San Sebastián,"Donostialdea, Guipúzcoa",1920,0
1200,1.0,1.0,16,81472551,70,65,Donostia-San Sebastián,"Donostialdea, Guipúzcoa",,0
1500,1.0,1.0,16,82474852,50,,Donostia-San Sebastián,"Donostialdea, Guipúzcoa",,0
1100,1.0,1.0,16,81231015,52,43,Donostia-San Sebastián,"Donostialdea, Guipúzcoa",,0
800,2.0,3.0,16,34381933,120,100,Pasaia,"Donostialdea, Guipúzcoa",1950,0
1600,3.0,4.0,16,37136515,185,180,Donostia-San Sebastián,"Donostialdea, Guipúzcoa",,1
1200,1.0,2.0,16,84447121,130,100,Donostia-San Sebastián,"Donostialdea, Guipúzcoa",,0
690,1.0,2.0,16,84545878,80,74,Irun,"Bajo Bidasoa, Guipúzcoa",1967,0
950,1.0,1.0,16,34431124,40,,Donostia-San Sebastián,"Donostialdea, Guipúzcoa",,0
700,1.0,1.0,16,1572289,40,,Donostia-San Sebastián,"Donostialdea, Guipúzcoa",,0
950,1.0,3.0,16,28037336,70,65,Donostia-San Sebastián,"Donostialdea, Guipúzcoa",,0
1300,2.0,3.0,16,82196075,100,90,Donostia-San Sebastián,"Donostialdea, Guipúzcoa",,0
2650,1.0,2.0,16,81758273,78,70,Donostia-San Sebastián,"Donostialdea, Guipúzcoa",,0
1400,1.0,1.0,16,82659339,68,60,Donostia-San Sebastián,"Donostialdea, Guipúzcoa",,0
900,2.0,3.0,16,38927366,110,107,Irun,"Bajo Bidasoa, Guipúzcoa",1997,1
1400,1.0,2.0,16,83904916,83,75,Donostia-San Sebastián,"Donostialdea, Guipúzcoa",,0
1200,2.0,3.0,16,84096355,90,80,Orio,"Urola Kosta, Guipúzcoa",2006,1
1300,2.0,3.0,16,84284473,90,80,Donostia-San Sebastián,"Donostialdea, Guipúzcoa",,0
800,1.0,3.0,16,84350836,85,78,Irun,"Bajo Bidasoa, Guipúzcoa",1978,0
850,1.0,2.0,16,84460928,70,62,Donostia-San Sebastián,"Donostialdea, Guipúzcoa",1972,0
700,1.0,2.0,16,84499400,60,55,Irun,"Bajo Bidasoa, Guipúzcoa",,0
1800,1.0,4.0,17,39968691,100,91,Oiartzun,"Donostialdea, Guipúzcoa",1996,1
640,4.0,3.0,17,83319635,144,,Antzuola,"Alto Deba, Guipúzcoa",,0
1200,2.0,3.0,16,83792380,85,75,Donostia-San Sebastián,"Donostialdea, Guipúzcoa",1966,0
1300,2.0,3.0,16,83821732,97,81,Donostia-San Sebastián,"Donostialdea, Guipúzcoa",,0
900,1.0,2.0,16,84394420,65,59,Donostia-San Sebastián,"Donostialdea, Guipúzcoa",1979,0
1100,1.0,3.0,16,84170578,83,80,Donostia-San Sebastián,"Donostialdea, Guipúzcoa",,0
1100,1.0,3.0,16,84436532,73,70,Donostia-San Sebastián,"Donostialdea, Guipúzcoa",,0
700,1.0,2.0,16,84628776,58,57,Pasaia,"Donostialdea, Guipúzcoa",,0
700,1.0,0.0,20,84169217,46,45,Donostia-San Sebastián,"Donostialdea, Guipúzcoa",,0
1200,1.0,1.0,16,84860503,40,,Donostia-San Sebastián,"Donostialdea, Guipúzcoa",,1
5000,4.0,5.0,16,40400870,160,130,Hondarribia,"Bajo Bidasoa, Guipúzcoa",,1
3000,4.0,4.0,23,81951778,250,240,Donostia-San Sebastián,"Donostialdea, Guipúzcoa",,0
1600,3.0,4.0,18,33657390,200,,Donostia-San Sebastián,"Donostialdea, Guipúzcoa",,1
900,1.0,1.0,16,82590051,46,,Donostia-San Sebastián,"Donostialdea, Guipúzcoa",,0
1200,2.0,2.0,16,82939459,80,75,Donostia-San Sebastián,"Donostialdea, Guipúzcoa",2008,0
2200,2.0,3.0,18,83598414,130,,Donostia-San Sebastián,"Donostialdea, Guipúzcoa",,1
1000,1.0,1.0,16,83691977,60,46,Donostia-San Sebastián,"Donostialdea, Guipúzcoa",,0
2000,2.0,2.0,16,82650315,85,80,Donostia-San Sebastián,"Donostialdea, Guipúzcoa",,0
850,1.0,3.0,16,36058642,75,,Donostia-San Sebastián,"Donostialdea, Guipúzcoa",,0
600,1.0,2.0,21,38640264,75,60,Beasain,"Goierri, Guipúzcoa",,0
1200,1.0,3.0,16,82289976,95,90,Donostia-San Sebastián,"Donostialdea, Guipúzcoa",,0
1200,1.0,1.0,16,84194435,45,,Donostia-San Sebastián,"Donostialdea, Guipúzcoa",,1
900,1.0,1.0,16,84491207,50,44,Donostia-San Sebastián,"Donostialdea, Guipúzcoa",,0
950,1.0,1.0,16,84518402,50,,Donostia-San Sebastián,"Donostialdea, Guipúzcoa",,0
1480,2.0,2.0,21,84549151,80,70,Donostia-San Sebastián,"Donostialdea, Guipúzcoa",1950,0
1200,2.0,2.0,16,27863457,77,70,Donostia-San Sebastián,"Donostialdea, Guipúzcoa",,0
600,1.0,1.0,16,1025014,45,,Donostia-San Sebastián,"Donostialdea, Guipúzcoa",,0
950,2.0,3.0,16,37985705,85,,Donostia-San Sebastián,"Donostialdea, Guipúzcoa",,1
1800,2.0,2.0,16,84665089,110,105,Donostia-San Sebastián,"Donostialdea, Guipúzcoa",,0
1100,2.0,3.0,16,84755564,74,70,Donostia-San Sebastián,"Donostialdea, Guipúzcoa",1966,0
1950,2.0,2.0,16,81460245,75,,Donostia-San Sebastián,"Donostialdea, Guipúzcoa",1970,0
1400,1.0,2.0,16,82036675,93,,Donostia-San Sebastián,"Donostialdea, Guipúzcoa",1940,0
1100,1.0,2.0,16,31807000,120,110,Donostia-San Sebastián,"Donostialdea, Guipúzcoa",,0
1350,2.0,2.0,16,82937816,75,70,Donostia-San Sebastián,"Donostialdea, Guipúzcoa",1926,0
990,1.0,1.0,16,83021216,60,58,Donostia-San Sebastián,"Donostialdea, Guipúzcoa",,0
900,1.0,1.0,16,83047792,45,25,Donostia-San Sebastián,"Donostialdea, Guipúzcoa",,0
1000,1.0,1.0,16,38805310,55,46,Donostia-San Sebastián,"Donostialdea, Guipúzcoa",1920,0
900,2.0,3.0,16,31673693,65,,Astigarraga,"Donostialdea, Guipúzcoa",2002,1
850,1.0,1.0,16,81554435,55,50,Donostia-San Sebastián,"Donostialdea, Guipúzcoa",1976,0
975,1.0,2.0,16,82131650,60,53,Donostia-San Sebastián,"Donostialdea, Guipúzcoa",1900,0
750,2.0,3.0,16,84469752,90,86,Lasarte-Oria,"Donostialdea, Guipúzcoa",1971,0
1200,1.0,2.0,16,39942855,63,55,Donostia-San Sebastián,"Donostialdea, Guipúzcoa",1900,0
700,1.0,3.0,16,37882590,75,72,Irun,"Bajo Bidasoa, Guipúzcoa",,0
900,3.0,3.0,16,36003844,150,136,Irun,"Bajo Bidasoa, Guipúzcoa",1984,0
700,1.0,3.0,16,84644437,50,44,Donostia-San Sebastián,"Donostialdea, Guipúzcoa",1966,0
1300,2.0,3.0,16,84741458,125,115,Donostia-San Sebastián,"Donostialdea, Guipúzcoa",,0
1000,2.0,3.0,16,83195407,67,,Hondarribia,"Bajo Bidasoa, Guipúzcoa",1979,1
825,1.0,1.0,16,84379995,50,45,Donostia-San Sebastián,"Donostialdea, Guipúzcoa",1935,0
1200,2.0,2.0,16,84515828,90,,Donostia-San Sebastián,"Donostialdea, Guipúzcoa",,0
900,1.0,2.0,16,84582509,50,,Donostia-San Sebastián,"Donostialdea, Guipúzcoa",,0
750,1.0,2.0,16,84661419,70,60,Irun,"Bajo Bidasoa, Guipúzcoa",1936,0
1150,2.0,2.0,16,84676123,80,70,Irun,"Bajo Bidasoa, Guipúzcoa",2018,0
1500,2.0,3.0,21,84676122,130,106,Irun,"Bajo Bidasoa, Guipúzcoa",2005,1
990,1.0,1.0,21,83756539,55,45,Donostia-San Sebastián,"Donostialdea, Guipúzcoa",,0
700,1.0,2.0,16,84326007,56,52,Renteria / Errenteria,"Donostialdea, Guipúzcoa",,0
750,2.0,2.0,16,28821269,192,85,Aia,"Urola Kosta, Guipúzcoa",,0
900,1.0,3.0,16,27401631,80,78,Lasarte-Oria,"Donostialdea, Guipúzcoa",,0
4557,3.0,5.0,17,26385800,3674,,Hondarribia,"Bajo Bidasoa, Guipúzcoa",,1
900,1.0,1.0,16,82482545,33,,Donostia-San Sebastián,"Donostialdea, Guipúzcoa",,0
2700,1.0,0.0,21,82694982,75,62,Donostia-San Sebastián,"Donostialdea, Guipúzcoa",,0
640,4.0,3.0,23,82942600,143,,Antzuola,"Alto Deba, Guipúzcoa",,0
900,2.0,3.0,16,83219668,135,112,Irun,"Bajo Bidasoa, Guipúzcoa",1974,0
1100,2.0,2.0,16,447804,75,,Donostia-San Sebastián,"Donostialdea, Guipúzcoa",,1
925,2.0,2.0,16,38914290,68,,Donostia-San Sebastián,"Donostialdea, Guipúzcoa",,0
1400,2.0,4.0,16,83736562,150,,Donostia-San Sebastián,"Donostialdea, Guipúzcoa",,1
1000,1.0,2.0,16,84170817,73,70,Donostia-San Sebastián,"Donostialdea, Guipúzcoa",,0
950,2.0,2.0,16,84632564,95,90,Donostia-San Sebastián,"Donostialdea, Guipúzcoa",,0
1100,2.0,3.0,16,84635299,88,77,Donostia-San Sebastián,"Donostialdea, Guipúzcoa",1979,0
850,1.0,3.0,16,84829641,90,80,Donostia-San Sebastián,"Donostialdea, Guipúzcoa",,0
2000,2.0,5.0,16,40004247,150,135,Irun,"Bajo Bidasoa, Guipúzcoa",1949,0
900,2.0,4.0,16,40159400,130,112,Irun,"Bajo Bidasoa, Guipúzcoa",1974,0
1300,2.0,3.0,16,83110115,145,135,Donostia-San Sebastián,"Donostialdea, Guipúzcoa",,0
1400,2.0,3.0,16,83890437,100,90,Donostia-San Sebastián,"Donostialdea, Guipúzcoa",1920,0
900,1.0,3.0,16,81302221,70,68,Donostia-San Sebastián,"Donostialdea, Guipúzcoa",,0
1350,2.0,2.0,16,84451655,70,60,Donostia-San Sebastián,"Donostialdea, Guipúzcoa",,1
650,1.0,2.0,16,84681694,70,65,Irun,"Bajo Bidasoa, Guipúzcoa",,0
800,1.0,2.0,16,84749192,70,58,Renteria / Errenteria,"Donostialdea, Guipúzcoa",,0
670,1.0,2.0,16,84770183,70,65,Irun,"Bajo Bidasoa, Guipúzcoa",,0
660,1.0,2.0,16,84775882,68,60,Irun,"Bajo Bidasoa, Guipúzcoa",,0
650,1.0,2.0,16,84803331,70,65,Pasaia,"Donostialdea, Guipúzcoa",,0
900,1.0,2.0,16,84818511,78,,Donostia-San Sebastián,"Donostialdea, Guipúzcoa",,0
1100,2.0,3.0,16,83348769,77,,Irun,"Bajo Bidasoa, Guipúzcoa",1974,0
1700,4.0,3.0,17,84529404,1000,,Oiartzun,"Donostialdea, Guipúzcoa",,1
1300,2.0,3.0,16,84558453,90,,Donostia-San Sebastián,"Donostialdea, Guipúzcoa",,1
850,1.0,3.0,16,39219193,115,,Irun,"Bajo Bidasoa, Guipúzcoa",,0
950,1.0,1.0,16,84683561,50,,Donostia-San Sebastián,"Donostialdea, Guipúzcoa",,0
800,2.0,2.0,16,38315890,67,,Astigarraga,"Donostialdea, Guipúzcoa",,0
1050,1.0,2.0,16,40165791,83,72,Donostia-San Sebastián,"Donostialdea, Guipúzcoa",,0
1350,2.0,3.0,16,83956814,140,125,Donostia-San Sebastián,"Donostialdea, Guipúzcoa",,1
975,2.0,3.0,16,37680742,90,85,Donostia-San Sebastián,"Donostialdea, Guipúzcoa",,0
1250,2.0,4.0,16,82296735,125,120,Donostia-San Sebastián,"Donostialdea, Guipúzcoa",,0
920,1.0,1.0,21,84278603,45,40,Donostia-San Sebastián,"Donostialdea, Guipúzcoa",,0
1300,3.0,3.0,16,33323793,125,120,Donostia-San Sebastián,"Donostialdea, Guipúzcoa",,0
1350,2.0,2.0,16,84765196,66,,Donostia-San Sebastián,"Donostialdea, Guipúzcoa",2005,0
780,1.0,3.0,16,26100274,90,86,Lasarte-Oria,"Donostialdea, Guipúzcoa",,0
800,2.0,3.0,16,84743873,98,92,Zarautz,"Urola Kosta, Guipúzcoa",,0
6500,1.0,2.0,16,84711567,75,70,Donostia-San Sebastián,"Donostialdea, Guipúzcoa",,0
1200,2.0,2.0,16,37142059,90,,Donostia-San Sebastián,"Donostialdea, Guipúzcoa",,0
1200,1.0,2.0,16,84788218,48,,Donostia-San Sebastián,"Donostialdea, Guipúzcoa",,0
1000,2.0,2.0,16,32126677,65,,Donostia-San Sebastián,"Donostialdea, Guipúzcoa",,0
3000,3.0,4.0,16,39501766,185,,Donostia-San Sebastián,"Donostialdea, Guipúzcoa",1960,0
950,1.0,1.0,21,81684830,45,42,Donostia-San Sebastián,"Donostialdea, Guipúzcoa",1900,0
1300,2.0,3.0,16,82485664,90,80,Donostia-San Sebastián,"Donostialdea, Guipúzcoa",,0
1200,2.0,3.0,16,35463706,90,80,Orio,"Urola Kosta, Guipúzcoa",2006,0
1400,2.0,3.0,16,82929818,100,,Donostia-San Sebastián,"Donostialdea, Guipúzcoa",,0
1400,1.0,3.0,16,29025695,80,75,Donostia-San Sebastián,"Donostialdea, Guipúzcoa",,0
750,1.0,1.0,16,83340759,52,50,Pasaia,"Donostialdea, Guipúzcoa",,0
1250,2.0,3.0,16,30074256,115,105,Donostia-San Sebastián,"Donostialdea, Guipúzcoa",,0
1200,2.0,2.0,16,83763470,90,,Donostia-San Sebastián,"Donostialdea, Guipúzcoa",,0
1100,1.0,2.0,16,84026365,67,,Donostia-San Sebastián,"Donostialdea, Guipúzcoa",1953,0
1300,1.0,2.0,16,84053280,70,60,Donostia-San Sebastián,"Donostialdea, Guipúzcoa",,0
1500,2.0,5.0,16,81214803,150,,Irun,"Bajo Bidasoa, Guipúzcoa",1949,0
990,2.0,2.0,16,82338755,72,64,Donostia-San Sebastián,"Donostialdea, Guipúzcoa",1980,0
1100,2.0,3.0,16,84138612,75,72,Donostia-San Sebastián,"Donostialdea, Guipúzcoa",2018,1
1000,1.0,1.0,16,84150495,70,60,Donostia-San Sebastián,"Donostialdea, Guipúzcoa",1930,0
1200,1.0,1.0,16,84295304,57,50,Donostia-San Sebastián,"Donostialdea, Guipúzcoa",,0
700,1.0,3.0,16,84325327,105,100,Hondarribia,"Bajo Bidasoa, Guipúzcoa",1900,0
1180,1.0,2.0,16,84332501,73,67,Donostia-San Sebastián,"Donostialdea, Guipúzcoa",,1
1200,1.0,2.0,21,84363859,50,,Donostia-San Sebastián,"Donostialdea, Guipúzcoa",1936,0
2000,2.0,3.0,16,84375592,120,,Donostia-San Sebastián,"Donostialdea, Guipúzcoa",,1
950,1.0,3.0,16,40176037,61,55,Donostia-San Sebastián,"Donostialdea, Guipúzcoa",1966,0
900,1.0,1.0,16,39711367,50,45,Donostia-San Sebastián,"Donostialdea, Guipúzcoa",1990,1
900,2.0,2.0,16,31221260,80,72,Donostia-San Sebastián,"Donostialdea, Guipúzcoa",,1
750,1.0,2.0,21,34542309,89,86,Irun,"Bajo Bidasoa, Guipúzcoa",,0
800,1.0,2.0,16,81377276,60,,Donostia-San Sebastián,"Donostialdea, Guipúzcoa",,0
1200,2.0,2.0,16,84592668,80,73,Donostia-San Sebastián,"Donostialdea, Guipúzcoa",,0
1100,2.0,2.0,16,84633618,64,52,Donostia-San Sebastián,"Donostialdea, Guipúzcoa",,0
1600,2.0,3.0,16,33853756,110,100,Donostia-San Sebastián,"Donostialdea, Guipúzcoa",,0
1200,2.0,3.0,16,84685161,110,,Hondarribia,"Bajo Bidasoa, Guipúzcoa",,1
1200,1.0,1.0,16,84702304,72,65,Donostia-San Sebastián,"Donostialdea, Guipúzcoa",,0
1150,1.0,2.0,16,84738826,65,60,Donostia-San Sebastián,"Donostialdea, Guipúzcoa",,1
850,2.0,2.0,16,84767379,90,80,Lezo,"Donostialdea, Guipúzcoa",,0
650,2.0,3.0,16,37633263,90,,Oñati,"Alto Deba, Guipúzcoa",,0
1400,1.0,2.0,16,35577228,60,54,Donostia-San Sebastián,"Donostialdea, Guipúzcoa",,0
1700,4.0,4.0,23,29615630,270,,Donostia-San Sebastián,"Donostialdea, Guipúzcoa",,0
2100,3.0,4.0,16,30259259,150,140,Donostia-San Sebastián,"Donostialdea, Guipúzcoa",,0
750,1.0,2.0,16,37280257,70,65,Donostia-San Sebastián,"Donostialdea, Guipúzcoa",,0
1000,1.0,1.0,16,84829685,55,54,Donostia-San Sebastián,"Donostialdea, Guipúzcoa",1900,0
1100,1.0,2.0,16,39185098,68,60,Donostia-San Sebastián,"Donostialdea, Guipúzcoa",,0
1000,1.0,2.0,18,82727728,80,75,Donostia-San Sebastián,"Donostialdea, Guipúzcoa",,0
1920,1.0,2.0,16,82737615,80,75,Donostia-San Sebastián,"Donostialdea, Guipúzcoa",,0
1400,1.0,2.0,16,83023263,70,55,Donostia-San Sebastián,"Donostialdea, Guipúzcoa",2003,0
3000,2.0,4.0,16,83595532,115,100,Donostia-San Sebastián,"Donostialdea, Guipúzcoa",1918,0
3000,4.0,4.0,17,84228229,2896,271,Hondarribia,"Bajo Bidasoa, Guipúzcoa",1999,1
1000,1.0,3.0,16,84451793,85,80,Hondarribia,"Bajo Bidasoa, Guipúzcoa",,0
700,1.0,3.0,16,84682618,50,,Donostia-San Sebastián,"Donostialdea, Guipúzcoa",,0
1100,2.0,2.0,16,84758005,71,67,Irun,"Bajo Bidasoa, Guipúzcoa",2019,0
1200,2.0,3.0,16,33622111,65,60,Donostia-San Sebastián,"Donostialdea, Guipúzcoa",,0
900,1.0,3.0,16,81180150,80,,Donostia-San Sebastián,"Donostialdea, Guipúzcoa",,0
950,1.0,1.0,16,39718687,50,41,Donostia-San Sebastián,"Donostialdea, Guipúzcoa",,0
1225,3.0,3.0,18,40499506,125,122,Astigarraga,"Donostialdea, Guipúzcoa",,1
1500,1.0,1.0,16,82670877,56,50,Donostia-San Sebastián,"Donostialdea, Guipúzcoa",,0
1050,1.0,2.0,16,83192254,60,54,Donostia-San Sebastián,"Donostialdea, Guipúzcoa",,0
1450,1.0,1.0,16,38930010,55,50,Donostia-San Sebastián,"Donostialdea, Guipúzcoa",1969,0
950,2.0,2.0,16,83524544,65,62,Donostia-San Sebastián,"Donostialdea, Guipúzcoa",2000,0
750,1.0,2.0,16,81456292,75,70,Urnieta,"Donostialdea, Guipúzcoa",1975,0
1200,2.0,3.0,16,82633858,86,78,Donostia-San Sebastián,"Donostialdea, Guipúzcoa",,0
900,1.0,2.0,16,84495309,67,60,Donostia-San Sebastián,"Donostialdea, Guipúzcoa",,0
1260,1.0,3.0,16,40501691,80,75,Donostia-San Sebastián,"Donostialdea, Guipúzcoa",,0
1200,2.0,2.0,16,84782789,78,75,Donostia-San Sebastián,"Donostialdea, Guipúzcoa",,0
850,2.0,3.0,16,84801800,95,90,Donostia-San Sebastián,"Donostialdea, Guipúzcoa",,0
700,2.0,3.0,16,84848574,85,80,Aia,"Urola Kosta, Guipúzcoa",,1
750,1.0,2.0,16,84852172,51,50,Donostia-San Sebastián,"Donostialdea, Guipúzcoa",,0
725,1.0,2.0,16,39607291,53,52,Pasaia,"Donostialdea, Guipúzcoa",,0
2000,1.0,2.0,16,37614513,66,60,Donostia-San Sebastián,"Donostialdea, Guipúzcoa",1950,0
2000,2.0,4.0,16,38197608,139,134,Irun,"Bajo Bidasoa, Guipúzcoa",1949,0
1100,1.0,1.0,16,30304307,55,,Donostia-San Sebastián,"Donostialdea, Guipúzcoa",,0
900,1.0,3.0,16,35652652,105,92,Hernani,"Donostialdea, Guipúzcoa",1975,0
1400,2.0,2.0,16,36165728,68,60,Donostia-San Sebastián,"Donostialdea, Guipúzcoa",1904,0
1000,2.0,2.0,16,83781746,65,55,Donostia-San Sebastián,"Donostialdea, Guipúzcoa",2000,0
1300,2.0,3.0,16,83801235,120,98,Donostia-San Sebastián,"Donostialdea, Guipúzcoa",1993,1
900,1.0,1.0,21,83945765,42,36,Donostia-San Sebastián,"Donostialdea, Guipúzcoa",,0
2200,2.0,2.0,16,84096655,110,98,Donostia-San Sebastián,"Donostialdea, Guipúzcoa",1974,0
1300,2.0,3.0,16,84425163,120,100,Donostia-San Sebastián,"Donostialdea, Guipúzcoa",1994,1
950,2.0,3.0,16,84480618,90,80,Donostia-San Sebastián,"Donostialdea, Guipúzcoa",,0
1200,1.0,3.0,16,35016866,80,75,Donostia-San Sebastián,"Donostialdea, Guipúzcoa",,0
1150,2.0,2.0,16,84657874,65,,Donostia-San Sebastián,"Donostialdea, Guipúzcoa",2007,1
1200,1.0,2.0,16,84796651,70,60,Donostia-San Sebastián,"Donostialdea, Guipúzcoa",,0
1700,4.0,6.0,23,84869999,250,230,Legorreta,"Tolosaldea, Guipúzcoa",,1
900,1.0,1.0,16,39381193,50,41,Donostia-San Sebastián,"Donostialdea, Guipúzcoa",,0
1700,4.0,4.0,16,82099148,130,100,Donostia-San Sebastián,"Donostialdea, Guipúzcoa",,0
2000,2.0,2.0,16,82345678,100,85,Donostia-San Sebastián,"Donostialdea, Guipúzcoa",1919,0
1050,2.0,2.0,16,35386735,65,60,Donostia-San Sebastián,"Donostialdea, Guipúzcoa",1999,0
1450,3.0,3.0,16,83242729,110,,Zumaia,"Urola Kosta, Guipúzcoa",1979,1
1750,3.0,3.0,16,83242736,170,158,Donostia-San Sebastián,"Donostialdea, Guipúzcoa",,0
2800,3.0,4.0,16,83246927,160,154,Donostia-San Sebastián,"Donostialdea, Guipúzcoa",,1
1300,2.0,4.0,16,83656107,120,112,Irun,"Bajo Bidasoa, Guipúzcoa",,0
1050,2.0,2.0,16,83942491,68,62,Donostia-San Sebastián,"Donostialdea, Guipúzcoa",2007,0
750,1.0,2.0,16,84188481,67,64,Lasarte-Oria,"Donostialdea, Guipúzcoa",1967,0
1400,2.0,3.0,16,84328366,140,120,Donostia-San Sebastián,"Donostialdea, Guipúzcoa",1977,0
1050,2.0,3.0,18,84341236,138,114,Orio,"Urola Kosta, Guipúzcoa",2006,1
1750,3.0,3.0,16,84378474,160,145,Donostia-San Sebastián,"Donostialdea, Guipúzcoa",,0
875,2.0,1.0,16,39366329,48,42,Donostia-San Sebastián,"Donostialdea, Guipúzcoa",,0
1200,1.0,2.0,16,84445344,95,85,Donostia-San Sebastián,"Donostialdea, Guipúzcoa",2007,0
1100,1.0,2.0,16,84547114,75,68,Donostia-San Sebastián,"Donostialdea, Guipúzcoa",1907,0
1500,2.0,2.0,16,84636767,70,65,Donostia-San Sebastián,"Donostialdea, Guipúzcoa",,0
1200,2.0,2.0,16,84674522,80,78,Donostia-San Sebastián,"Donostialdea, Guipúzcoa",2004,1
2950,2.0,2.0,16,84707639,85,75,Donostia-San Sebastián,"Donostialdea, Guipúzcoa",1970,0
1200,1.0,1.0,16,84742598,57,45,Donostia-San Sebastián,"Donostialdea, Guipúzcoa",,0
795,1.0,1.0,16,1113727,50,45,Donostia-San Sebastián,"Donostialdea, Guipúzcoa",1950,0
1900,2.0,3.0,16,81348468,125,113,Donostia-San Sebastián,"Donostialdea, Guipúzcoa",,0
1800,2.0,3.0,16,81835636,125,112,Donostia-San Sebastián,"Donostialdea, Guipúzcoa",,0
1800,2.0,3.0,16,81836023,125,115,Donostia-San Sebastián,"Donostialdea, Guipúzcoa",1949,0
850,1.0,1.0,16,34154397,50,45,Donostia-San Sebastián,"Donostialdea, Guipúzcoa",,0
1100,1.0,2.0,16,33289964,72,65,Donostia-San Sebastián,"Donostialdea, Guipúzcoa",,0
1100,1.0,2.0,16,83219555,78,68,Donostia-San Sebastián,"Donostialdea, Guipúzcoa",1907,0
1090,1.0,2.0,16,83577300,66,61,Donostia-San Sebastián,"Donostialdea, Guipúzcoa",,0
1200,1.0,2.0,16,83860682,50,45,Donostia-San Sebastián,"Donostialdea, Guipúzcoa",,0
900,1.0,2.0,16,83958440,65,56,Donostia-San Sebastián,"Donostialdea, Guipúzcoa",1907,0
1900,3.0,4.0,16,81880020,144,124,Donostia-San Sebastián,"Donostialdea, Guipúzcoa",,0
1400,2.0,3.0,16,84117851,89,80,Donostia-San Sebastián,"Donostialdea, Guipúzcoa",1983,0
950,1.0,2.0,21,84301933,50,42,Donostia-San Sebastián,"Donostialdea, Guipúzcoa",,0
700,1.0,2.0,16,84340732,83,77,Irun,"Bajo Bidasoa, Guipúzcoa",1955,0
690,1.0,1.0,16,39729479,60,50,Irun,"Bajo Bidasoa, Guipúzcoa",2007,0
1390,2.0,3.0,16,84586155,90,80,Donostia-San Sebastián,"Donostialdea, Guipúzcoa",,0
775,1.0,2.0,16,84611756,70,65,Donostia-San Sebastián,"Donostialdea, Guipúzcoa",,0
1200,2.0,3.0,16,84644051,85,,Donostia-San Sebastián,"Donostialdea, Guipúzcoa",,0
800,2.0,3.0,16,84644052,65,,Pasaia,"Donostialdea, Guipúzcoa",,0
700,1.0,2.0,16,84644053,60,,Pasaia,"Donostialdea, Guipúzcoa",,0
960,1.0,1.0,21,84660329,35,,Donostia-San Sebastián,"Donostialdea, Guipúzcoa",,0
1100,2.0,3.0,16,84692500,60,,Irun,"Bajo Bidasoa, Guipúzcoa",,0
850,1.0,1.0,16,84757148,60,52,Donostia-San Sebastián,"Donostialdea, Guipúzcoa",,0
3000,4.0,4.0,24,81941716,100,195,Donostia-San Sebastián,"Donostialdea, Guipúzcoa",,0
800,1.0,3.0,16,82184973,78,70,Donostia-San Sebastián,"Donostialdea, Guipúzcoa",,0
1250,2.0,4.0,16,82272681,95,90,Donostia-San Sebastián,"Donostialdea, Guipúzcoa",1971,0
1500,2.0,4.0,16,83159226,105,100,Donostia-San Sebastián,"Donostialdea, Guipúzcoa",1935,0
1300,2.0,3.0,16,84353956,105,94,Donostia-San Sebastián,"Donostialdea, Guipúzcoa",2007,1
1200,2.0,2.0,16,35144221,96,86,Donostia-San Sebastián,"Donostialdea, Guipúzcoa",,0
1200,2.0,3.0,16,84403377,85,82,Donostia-San Sebastián,"Donostialdea, Guipúzcoa",1966,0
1150,1.0,1.0,16,81261075,49,43,Donostia-San Sebastián,"Donostialdea, Guipúzcoa",1999,0
1700,4.0,4.0,16,84424651,105,,Donostia-San Sebastián,"Donostialdea, Guipúzcoa",,0
1200,1.0,2.0,16,84811143,75,,Donostia-San Sebastián,"Donostialdea, Guipúzcoa",,0
750,1.0,3.0,16,84828875,55,50,Donostia-San Sebastián,"Donostialdea, Guipúzcoa",,0
800,1.0,4.0,16,84852707,120,110,Donostia-San Sebastián,"Donostialdea, Guipúzcoa",1950,0
1100,1.0,2.0,16,84869475,71,64,Donostia-San Sebastián,"Donostialdea, Guipúzcoa",1900,0
900,2.0,3.0,16,83002734,130,120,Irun,"Bajo Bidasoa, Guipúzcoa",,0
1150,2.0,3.0,16,35896980,100,90,Irun,"Bajo Bidasoa, Guipúzcoa",2000,1
1100,1.0,3.0,16,84229791,89,80,Donostia-San Sebastián,"Donostialdea, Guipúzcoa",1965,0
2600,2.0,2.0,21,84651418,110,97,Donostia-San Sebastián,"Donostialdea, Guipúzcoa",,0
1200,2.0,2.0,16,84738268,75,70,Donostia-San Sebastián,"Donostialdea, Guipúzcoa",2002,1
670,1.0,0.0,20,38602536,25,24,Donostia-San Sebastián,"Donostialdea, Guipúzcoa",,0
1050,1.0,3.0,16,84809937,80,70,Donostia-San Sebastián,"Donostialdea, Guipúzcoa",1974,0
950,2.0,3.0,16,83667643,111,,Irun,"Bajo Bidasoa, Guipúzcoa",1991,1
1500,2.0,3.0,16,33091699,92,82,Donostia-San Sebastián,"Donostialdea, Guipúzcoa",,1
2500,3.0,3.0,18,82197025,167,,Donostia-San Sebastián,"Donostialdea, Guipúzcoa",,0
2500,3.0,5.0,16,82482701,168,,Donostia-San Sebastián,"Donostialdea, Guipúzcoa",,0
1400,2.0,2.0,16,83899147,91,77,Donostia-San Sebastián,"Donostialdea, Guipúzcoa",,1
1850,2.0,4.0,16,84061069,140,125,Donostia-San Sebastián,"Donostialdea, Guipúzcoa",,1
3800,1.0,2.0,16,84088520,60,55,Donostia-San Sebastián,"Donostialdea, Guipúzcoa",,0
3390,3.0,4.0,16,81141803,135,115,Donostia-San Sebastián,"Donostialdea, Guipúzcoa",,0
550,2.0,2.0,16,27898718,60,57,Altzola,"Bajo Deba, Guipúzcoa",,0
1150,2.0,3.0,16,84548493,129,108,Donostia-San Sebastián,"Donostialdea, Guipúzcoa",,0
1200,2.0,3.0,16,33104320,115,110,Donostia-San Sebastián,"Donostialdea, Guipúzcoa",,1
1200,2.0,3.0,16,35095478,80,70,Donostia-San Sebastián,"Donostialdea, Guipúzcoa",,0
1200,1.0,1.0,16,84611700,57,45,Donostia-San Sebastián,"Donostialdea, Guipúzcoa",,0
1200,2.0,2.0,16,84618669,65,64,Donostia-San Sebastián,"Donostialdea, Guipúzcoa",,0
900,1.0,1.0,16,84619770,72,64,Donostia-San Sebastián,"Donostialdea, Guipúzcoa",,0
1100,1.0,3.0,16,84642329,105,90,Donostia-San Sebastián,"Donostialdea, Guipúzcoa",,0
900,1.0,2.0,16,40547687,62,54,Donostia-San Sebastián,"Donostialdea, Guipúzcoa",,0
860,2.0,2.0,16,84652021,80,72,Astigarraga,"Donostialdea, Guipúzcoa",,0
900,1.0,2.0,16,84712917,60,50,Donostia-San Sebastián,"Donostialdea, Guipúzcoa",,0
1500,2.0,3.0,16,39876159,83,,Donostia-San Sebastián,"Donostialdea, Guipúzcoa",,0
880,1.0,3.0,16,84755919,90,82,Donostia-San Sebastián,"Donostialdea, Guipúzcoa",,0
600,1.0,1.0,16,84752408,40,35,Irun,"Bajo Bidasoa, Guipúzcoa",1977,0
550,1.0,3.0,16,84863362,73,70,Legazpia,"Goierri, Guipúzcoa",,0
2200,4.0,4.0,18,83030123,163,,Donostia-San Sebastián,"Donostialdea, Guipúzcoa",,1
750,1.0,2.0,16,84073893,65,60,Astigarraga,"Donostialdea, Guipúzcoa",,1
1200,1.0,2.0,21,84169285,70,60,Donostia-San Sebastián,"Donostialdea, Guipúzcoa",1900,0
1400,2.0,3.0,16,84192148,125,105,Donostia-San Sebastián,"Donostialdea, Guipúzcoa",1980,1
1500,2.0,3.0,16,84596754,101,87,Donostia-San Sebastián,"Donostialdea, Guipúzcoa",2015,1
1550,2.0,4.0,16,84712276,90,87,Donostia-San Sebastián,"Donostialdea, Guipúzcoa",1972,1
1700,1.0,2.0,16,84595961,95,70,Donostia-San Sebastián,"Donostialdea, Guipúzcoa",,0
1000,2.0,3.0,16,84611233,76,69,Donostia-San Sebastián,"Donostialdea, Guipúzcoa",,0
960,1.0,1.0,16,84670365,48,,Donostia-San Sebastián,"Donostialdea, Guipúzcoa",,0
800,2.0,3.0,16,84026460,90,85,Orio,"Urola Kosta, Guipúzcoa",1979,1
1100,2.0,4.0,16,83951301,105,,Irun,"Bajo Bidasoa, Guipúzcoa",,0
3000,2.0,4.0,16,84533804,92,80,Donostia-San Sebastián,"Donostialdea, Guipúzcoa",,0
550,1.0,0.0,20,84858524,35,,Donostia-San Sebastián,"Donostialdea, Guipúzcoa",,0
750,1.0,2.0,16,82262914,60,52,Donostia-San Sebastián,"Donostialdea, Guipúzcoa",1968,0
1150,2.0,1.0,16,81831018,59,50,Donostia-San Sebastián,"Donostialdea, Guipúzcoa",,0
1400,2.0,3.0,18,30845640,90,,Donostia-San Sebastián,"Donostialdea, Guipúzcoa",,0
980,1.0,2.0,18,33819397,72,45,Donostia-San Sebastián,"Donostialdea, Guipúzcoa",1850,0
1800,2.0,4.0,16,82817824,130,128,Donostia-San Sebastián,"Donostialdea, Guipúzcoa",1959,0
1800,3.0,4.0,16,83328614,130,128,Donostia-San Sebastián,"Donostialdea, Guipúzcoa",1959,0
1400,1.0,1.0,21,83769739,60,50,Donostia-San Sebastián,"Donostialdea, Guipúzcoa",,0
1900,2.0,3.0,16,84185851,125,105,Donostia-San Sebastián,"Donostialdea, Guipúzcoa",1922,0
850,1.0,1.0,16,37919581,62,52,Donostia-San Sebastián,"Donostialdea, Guipúzcoa",2017,0
750,2.0,2.0,16,84678309,75,72,Irun,"Bajo Bidasoa, Guipúzcoa",1976,0
900,1.0,2.0,16,84805015,72,65,Donostia-San Sebastián,"Donostialdea, Guipúzcoa",,0
750,1.0,1.0,16,84826698,59,50,Donostia-San Sebastián,"Donostialdea, Guipúzcoa",1955,0
730,1.0,2.0,16,84830829,75,72,Lasarte-Oria,"Donostialdea, Guipúzcoa",1970,1
1000,1.0,2.0,16,84866956,73,70,Donostia-San Sebastián,"Donostialdea, Guipúzcoa",,0
850,1.0,2.0,16,81202309,50,,Donostia-San Sebastián,"Donostialdea, Guipúzcoa",,0
1200,2.0,3.0,16,83844287,108,98,Donostia-San Sebastián,"Donostialdea, Guipúzcoa",1990,0
2000,1.0,2.0,16,84194491,90,79,Donostia-San Sebastián,"Donostialdea, Guipúzcoa",2009,0
1475,2.0,3.0,16,81673041,100,85,Donostia-San Sebastián,"Donostialdea, Guipúzcoa",,0
1500,3.0,3.0,16,83876176,140,135,Donostia-San Sebastián,"Donostialdea, Guipúzcoa",,0
600,1.0,1.0,16,84647403,50,45,Tolosa,"Tolosaldea, Guipúzcoa",1900,0
900,1.0,1.0,16,82546589,60,55,Donostia-San Sebastián,"Donostialdea, Guipúzcoa",,0
900,1.0,3.0,16,39891531,74,,Donostia-San Sebastián,"Donostialdea, Guipúzcoa",1968,0
1950,2.0,3.0,16,81595988,75,,Donostia-San Sebastián,"Donostialdea, Guipúzcoa",,0
900,2.0,2.0,16,84520136,80,75,Astigarraga,"Donostialdea, Guipúzcoa",,0
1800,3.0,4.0,23,36549539,252,,Donostia-San Sebastián,"Donostialdea, Guipúzcoa",1995,1
1500,2.0,3.0,21,82396373,75,73,Donostia-San Sebastián,"Donostialdea, Guipúzcoa",,0
1450,2.0,3.0,16,36203143,100,90,Donostia-San Sebastián,"Donostialdea, Guipúzcoa",1954,0
3000,3.0,4.0,23,32149145,400,253,Donostia-San Sebastián,"Donostialdea, Guipúzcoa",2004,0
2300,2.0,3.0,16,84253078,130,119,Donostia-San Sebastián,"Donostialdea, Guipúzcoa",,1
1100,2.0,3.0,16,34663889,80,72,Donostia-San Sebastián,"Donostialdea, Guipúzcoa",,0
1800,3.0,3.0,19,39397219,168,152,Donostia-San Sebastián,"Donostialdea, Guipúzcoa",2003,1
950,1.0,1.0,21,39720517,48,40,Donostia-San Sebastián,"Donostialdea, Guipúzcoa",1900,0
900,2.0,3.0,16,40455272,90,86,Donostia-San Sebastián,"Donostialdea, Guipúzcoa",1980,0
795,1.0,1.0,16,82206528,55,48,Donostia-San Sebastián,"Donostialdea, Guipúzcoa",1960,0
1800,2.0,4.0,16,82658212,125,115,Donostia-San Sebastián,"Donostialdea, Guipúzcoa",,0
2100,1.0,2.0,16,82878666,109,85,Donostia-San Sebastián,"Donostialdea, Guipúzcoa",,0
850,1.0,1.0,16,30507998,59,50,Donostia-San Sebastián,"Donostialdea, Guipúzcoa",1975,0
1700,4.0,5.0,16,29205197,290,287,Donostia-San Sebastián,"Donostialdea, Guipúzcoa",,1
950,1.0,2.0,16,40026994,73,68,Donostia-San Sebastián,"Donostialdea, Guipúzcoa",1980,0
815,1.0,3.0,16,83842194,68,65,Donostia-San Sebastián,"Donostialdea, Guipúzcoa",1968,0
1900,2.0,3.0,16,84088587,125,115,Donostia-San Sebastián,"Donostialdea, Guipúzcoa",,0
745,1.0,3.0,16,84200140,90,,Irun,"Bajo Bidasoa, Guipúzcoa",,0
1100,1.0,3.0,16,30587642,110,108,Donostia-San Sebastián,"Donostialdea, Guipúzcoa",,0
1000,1.0,2.0,16,82323797,62,60,Donostia-San Sebastián,"Donostialdea, Guipúzcoa",,0
900,1.0,2.0,16,84436098,63,60,Donostia-San Sebastián,"Donostialdea, Guipúzcoa",1970,0
1550,2.0,2.0,16,84744904,85,76,Donostia-San Sebastián,"Donostialdea, Guipúzcoa",2009,1
1500,2.0,3.0,16,84769359,120,110,Donostia-San Sebastián,"Donostialdea, Guipúzcoa",,1
750,1.0,3.0,16,84859945,75,70,Hernani,"Donostialdea, Guipúzcoa",,0
2200,3.0,4.0,16,40559392,115,109,Donostia-San Sebastián,"Donostialdea, Guipúzcoa",,0
1200,2.0,2.0,16,1191361,80,75,Donostia-San Sebastián,"Donostialdea, Guipúzcoa",2008,1
1450,2.0,4.0,16,35381891,97,88,Donostia-San Sebastián,"Donostialdea, Guipúzcoa",1940,0
650,1.0,2.0,16,84591985,70,65,Irun,"Bajo Bidasoa, Guipúzcoa",1971,0
700,1.0,0.0,20,81274468,35,30,Donostia-San Sebastián,"Donostialdea, Guipúzcoa",1976,0
1200,2.0,3.0,16,84803335,85,80,Orio,"Urola Kosta, Guipúzcoa",2006,1
4000,3.0,4.0,16,84233255,240,214,Donostia-San Sebastián,"Donostialdea, Guipúzcoa",1981,0
1200,2.0,2.0,16,84272723,80,65,Donostia-San Sebastián,"Donostialdea, Guipúzcoa",1920,0
1050,1.0,3.0,21,84626187,58,51,Donostia-San Sebastián,"Donostialdea, Guipúzcoa",1960,0
950,1.0,3.0,21,40121997,57,51,Donostia-San Sebastián,"Donostialdea, Guipúzcoa",1960,0
1800,1.0,4.0,17,84791291,500,91,Oiartzun,"Donostialdea, Guipúzcoa",1996,1
1200,2.0,3.0,16,84767973,90,85,Donostia-San Sebastián,"Donostialdea, Guipúzcoa",,0
1200,2.0,4.0,16,84819458,100,,Hernani,"Donostialdea, Guipúzcoa",,0
750,1.0,2.0,16,84843301,70,65,Donostia-San Sebastián,"Donostialdea, Guipúzcoa",,0
1200,1.0,1.0,16,84867304,55,50,Donostia-San Sebastián,"Donostialdea, Guipúzcoa",2004,1
700,1.0,2.0,16,84858455,50,,Pasaia,"Donostialdea, Guipúzcoa",,0
1400,1.0,2.0,16,39735533,65,,Donostia-San Sebastián,"Donostialdea, Guipúzcoa",2017,1
1500,2.0,3.0,16,84252247,120,93,Donostia-San Sebastián,"Donostialdea, Guipúzcoa",2017,1
950,1.0,3.0,16,30772001,65,60,Donostia-San Sebastián,"Donostialdea, Guipúzcoa",,0
1000,2.0,2.0,18,84499610,108,99,Donostia-San Sebastián,"Donostialdea, Guipúzcoa",,0
1100,1.0,1.0,16,84500017,47,44,Donostia-San Sebastián,"Donostialdea, Guipúzcoa",,0
1400,2.0,4.0,16,84532496,105,100,Donostia-San Sebastián,"Donostialdea, Guipúzcoa",,0
1200,1.0,2.0,16,84533681,48,,Donostia-San Sebastián,"Donostialdea, Guipúzcoa",,0
1800,3.0,4.0,16,84702992,160,140,Donostia-San Sebastián,"Donostialdea, Guipúzcoa",1973,1
800,1.0,3.0,16,84581138,80,73,Irun,"Bajo Bidasoa, Guipúzcoa",1977,0
1200,1.0,2.0,16,84618427,88,82,Donostia-San Sebastián,"Donostialdea, Guipúzcoa",,0
1800,2.0,3.0,16,84620063,132,122,Donostia-San Sebastián,"Donostialdea, Guipúzcoa",,0
675,1.0,2.0,21,84643222,70,55,Irun,"Bajo Bidasoa, Guipúzcoa",1957,0
1800,2.0,4.0,16,84649589,126,115,Donostia-San Sebastián,"Donostialdea, Guipúzcoa",,0
1800,2.0,3.0,16,84650335,124,112,Donostia-San Sebastián,"Donostialdea, Guipúzcoa",,0
1800,3.0,4.0,16,84650700,142,128,Donostia-San Sebastián,"Donostialdea, Guipúzcoa",,0
1360,2.0,4.0,16,84661505,172,150,Donostia-San Sebastián,"Donostialdea, Guipúzcoa",,1
950,1.0,3.0,16,81412499,95,90,Donostia-San Sebastián,"Donostialdea, Guipúzcoa",1945,0
1300,2.0,3.0,16,84778361,100,,Donostia-San Sebastián,"Donostialdea, Guipúzcoa",,0
950,2.0,3.0,16,84817905,95,93,Donostia-San Sebastián,"Donostialdea, Guipúzcoa",1969,0
700,1.0,1.0,16,84867311,58,,Donostia-San Sebastián,"Donostialdea, Guipúzcoa",1962,0
900,1.0,2.0,16,39110373,55,45,Donostia-San Sebastián,"Donostialdea, Guipúzcoa",,0
1250,2.0,3.0,16,81132079,90,76,Hondarribia,"Bajo Bidasoa, Guipúzcoa",1970,0
1200,2.0,4.0,16,84188512,195,150,Donostia-San Sebastián,"Donostialdea, Guipúzcoa",1960,0
1600,3.0,4.0,16,36337165,190,160,Donostia-San Sebastián,"Donostialdea, Guipúzcoa",1950,0
1100,2.0,3.0,16,84795899,75,72,Donostia-San Sebastián,"Donostialdea, Guipúzcoa",2018,1
700,1.0,2.0,16,33202670,50,,Donostia-San Sebastián,"Donostialdea, Guipúzcoa",,0
850,1.0,3.0,16,84853429,60,57,Donostia-San Sebastián,"Donostialdea, Guipúzcoa",,0
650,1.0,2.0,16,35524235,50,42,Pasaia,"Donostialdea, Guipúzcoa",,0
1300,1.0,2.0,16,82355418,75,65,Donostia-San Sebastián,"Donostialdea, Guipúzcoa",,0
1100,2.0,2.0,16,82582230,60,58,Donostia-San Sebastián,"Donostialdea, Guipúzcoa",,0
1300,1.0,2.0,16,83589354,60,54,Donostia-San Sebastián,"Donostialdea, Guipúzcoa",,0
1200,1.0,1.0,16,83769728,55,45,Donostia-San Sebastián,"Donostialdea, Guipúzcoa",,0
1300,1.0,2.0,16,39196090,85,75,Donostia-San Sebastián,"Donostialdea, Guipúzcoa",,0
1700,2.0,3.0,16,38570751,125,110,Donostia-San Sebastián,"Donostialdea, Guipúzcoa",1974,0
1250,1.0,1.0,16,84750906,50,43,Donostia-San Sebastián,"Donostialdea, Guipúzcoa",1988,0
1100,2.0,2.0,16,84870012,85,72,Donostia-San Sebastián,"Donostialdea, Guipúzcoa",,1
700,1.0,2.0,21,29767149,35,,Hondarribia,"Bajo Bidasoa, Guipúzcoa",,0
1300,2.0,3.0,16,84739418,85,,Donostia-San Sebastián,"Donostialdea, Guipúzcoa",1900,0
950,1.0,2.0,16,84796642,83,75,Donostia-San Sebastián,"Donostialdea, Guipúzcoa",1900,0
1100,1.0,2.0,16,84797742,92,80,Donostia-San Sebastián,"Donostialdea, Guipúzcoa",,0
1400,2.0,2.0,16,82309681,100,93,Donostia-San Sebastián,"Donostialdea, Guipúzcoa",,0
1600,2.0,3.0,16,82531094,100,80,Donostia-San Sebastián,"Donostialdea, Guipúzcoa",,0
1450,2.0,3.0,16,82531097,70,60,Donostia-San Sebastián,"Donostialdea, Guipúzcoa",,0
1400,2.0,2.0,16,82569376,84,73,Donostia-San Sebastián,"Donostialdea, Guipúzcoa",,0
1350,2.0,2.0,16,82773431,69,60,Donostia-San Sebastián,"Donostialdea, Guipúzcoa",,0
1500,2.0,3.0,16,82773434,75,65,Donostia-San Sebastián,"Donostialdea, Guipúzcoa",,0
1400,2.0,2.0,16,83345117,75,64,Donostia-San Sebastián,"Donostialdea, Guipúzcoa",,0
1300,2.0,2.0,16,83345119,83,70,Donostia-San Sebastián,"Donostialdea, Guipúzcoa",,0
1500,2.0,3.0,16,83561498,102,92,Donostia-San Sebastián,"Donostialdea, Guipúzcoa",,0
1400,2.0,2.0,16,83561534,60,52,Donostia-San Sebastián,"Donostialdea, Guipúzcoa",,0
1400,1.0,2.0,16,83561536,62,52,Donostia-San Sebastián,"Donostialdea, Guipúzcoa",,0
1200,1.0,1.0,16,83592019,55,45,Donostia-San Sebastián,"Donostialdea, Guipúzcoa",,0
1000,1.0,1.0,16,83592025,45,37,Donostia-San Sebastián,"Donostialdea, Guipúzcoa",,0
1150,1.0,1.0,16,83769726,48,41,Donostia-San Sebastián,"Donostialdea, Guipúzcoa",,0
1150,1.0,1.0,16,83769740,55,47,Donostia-San Sebastián,"Donostialdea, Guipúzcoa",,0
1500,2.0,3.0,16,81207553,105,98,Donostia-San Sebastián,"Donostialdea, Guipúzcoa",,0
1100,2.0,3.0,16,84095754,80,74,Donostia-San Sebastián,"Donostialdea, Guipúzcoa",1979,0
1250,1.0,1.0,16,84106891,45,43,Donostia-San Sebastián,"Donostialdea, Guipúzcoa",1988,0
1100,1.0,2.0,21,84380553,100,80,Donostia-San Sebastián,"Donostialdea, Guipúzcoa",,0
850,2.0,3.0,16,84517857,200,190,Irun,"Bajo Bidasoa, Guipúzcoa",1940,0
900,1.0,3.0,16,84800502,95,80,Donostia-San Sebastián,"Donostialdea, Guipúzcoa",,0
1250,2.0,1.0,16,84809905,60,55,Donostia-San Sebastián,"Donostialdea, Guipúzcoa",,0
1400,2.0,2.0,16,84849671,85,80,Donostia-San Sebastián,"Donostialdea, Guipúzcoa",,0
1300,1.0,1.0,16,81670958,60,55,Donostia-San Sebastián,"Donostialdea, Guipúzcoa",,0
1100,2.0,2.0,16,82351370,75,67,Donostia-San Sebastián,"Donostialdea, Guipúzcoa",1900,0
1450,1.0,2.0,16,83454038,127,115,Donostia-San Sebastián,"Donostialdea, Guipúzcoa",1825,0
1400,2.0,3.0,16,82078354,105,95,Donostia-San Sebastián,"Donostialdea, Guipúzcoa",1890,0
1200,2.0,3.0,16,83742727,80,73,Donostia-San Sebastián,"Donostialdea, Guipúzcoa",1976,0
1300,2.0,3.0,16,84205910,145,130,Donostia-San Sebastián,"Donostialdea, Guipúzcoa",1977,0
900,1.0,0.0,20,37736727,70,,Donostia-San Sebastián,"Donostialdea, Guipúzcoa",,1
1500,2.0,4.0,16,81578863,140,122,Donostia-San Sebastián,"Donostialdea, Guipúzcoa",1945,0
1300,1.0,1.0,16,84447099,55,50,Donostia-San Sebastián,"Donostialdea, Guipúzcoa",2010,0
1500,2.0,3.0,21,84466241,100,,Donostia-San Sebastián,"Donostialdea, Guipúzcoa",1954,0
1300,2.0,3.0,16,84469715,110,100,Donostia-San Sebastián,"Donostialdea, Guipúzcoa",1967,0
950,1.0,1.0,16,84579776,44,40,Donostia-San Sebastián,"Donostialdea, Guipúzcoa",1991,0
1200,1.0,1.0,16,38849569,58,43,Donostia-San Sebastián,"Donostialdea, Guipúzcoa",,0
2000,3.0,5.0,16,83802063,230,195,Donostia-San Sebastián,"Donostialdea, Guipúzcoa",1957,0
1000,1.0,2.0,16,1393968,55,50,Donostia-San Sebastián,"Donostialdea, Guipúzcoa",1970,0
1800,1.0,3.0,16,84157705,75,,Donostia-San Sebastián,"Donostialdea, Guipúzcoa",,0
790,1.0,1.0,16,29157068,55,,Donostia-San Sebastián,"Donostialdea, Guipúzcoa",,0
2200,2.0,2.0,16,84665669,110,100,Donostia-San Sebastián,"Donostialdea, Guipúzcoa",1974,0
1400,2.0,3.0,16,84681692,105,95,Donostia-San Sebastián,"Donostialdea, Guipúzcoa",2017,1
850,2.0,2.0,16,84795248,72,68,Donostia-San Sebastián,"Donostialdea, Guipúzcoa",1995,1
1200,1.0,3.0,16,84866954,100,90,Donostia-San Sebastián,"Donostialdea, Guipúzcoa",,0
780,1.0,3.0,16,84818875,75,,Donostia-San Sebastián,"Donostialdea, Guipúzcoa",,0
850,1.0,1.0,16,82763146,60,50,Donostia-San Sebastián,"Donostialdea, Guipúzcoa",1993,0
2500,2.0,3.0,16,39782299,103,90,Donostia-San Sebastián,"Donostialdea, Guipúzcoa",2017,0
1500,1.0,3.0,16,40006664,70,67,Donostia-San Sebastián,"Donostialdea, Guipúzcoa",,0
2000,2.0,5.0,16,40325191,150,135,Irun,"Bajo Bidasoa, Guipúzcoa",1949,0
1000,1.0,2.0,16,39510777,75,60,Donostia-San Sebastián,"Donostialdea, Guipúzcoa",1900,0
950,1.0,1.0,16,83787637,47,40,Donostia-San Sebastián,"Donostialdea, Guipúzcoa",,0
1500,3.0,4.0,22,84800699,160,170,Donostia-San Sebastián,"Donostialdea, Guipúzcoa",1991,1
1250,1.0,1.0,16,81190145,55,50,Donostia-San Sebastián,"Donostialdea, Guipúzcoa",,1
1700,2.0,2.0,16,83217958,110,95,Donostia-San Sebastián,"Donostialdea, Guipúzcoa",1981,1
800,1.0,3.0,16,81629245,70,60,Donostia-San Sebastián,"Donostialdea, Guipúzcoa",1960,0
1600,5.0,5.0,16,84644241,300,261,Donostia-San Sebastián,"Donostialdea, Guipúzcoa",,1
645,1.0,1.0,16,84754229,50,,Usurbil,"Donostialdea, Guipúzcoa",,0
1200,2.0,3.0,16,84768099,90,85,Donostia-San Sebastián,"Donostialdea, Guipúzcoa",,0
1400,2.0,5.0,16,84767721,140,130,Donostia-San Sebastián,"Donostialdea, Guipúzcoa",,0
975,2.0,3.0,16,82821750,75,65,Donostia-San Sebastián,"Donostialdea, Guipúzcoa",1957,0
3000,4.0,6.0,17,83023868,10100,,Donostia-San Sebastián,"Donostialdea, Guipúzcoa",1987,1
810,1.0,2.0,16,83980356,85,73,Pasaia,"Donostialdea, Guipúzcoa",,0
1600,2.0,3.0,16,81607906,85,80,Donostia-San Sebastián,"Donostialdea, Guipúzcoa",,0
2300,2.0,3.0,16,82926207,170,158,Donostia-San Sebastián,"Donostialdea, Guipúzcoa",1960,0
1700,2.0,2.0,16,83764223,110,95,Donostia-San Sebastián,"Donostialdea, Guipúzcoa",1981,1
800,1.0,3.0,16,84818759,80,73,Donostia-San Sebastián,"Donostialdea, Guipúzcoa",1976,0
2200,4.0,3.0,16,82917642,103,90,Donostia-San Sebastián,"Donostialdea, Guipúzcoa",,0
3600,3.0,4.0,16,83561516,160,139,Donostia-San Sebastián,"Donostialdea, Guipúzcoa",,0
1550,2.0,3.0,16,83561518,100,82,Donostia-San Sebastián,"Donostialdea, Guipúzcoa",,0
1800,3.0,4.0,16,83561532,115,100,Donostia-San Sebastián,"Donostialdea, Guipúzcoa",,0
1350,2.0,2.0,16,83561533,72,62,Donostia-San Sebastián,"Donostialdea, Guipúzcoa",,0
1800,3.0,3.0,16,83592022,90,83,Donostia-San Sebastián,"Donostialdea, Guipúzcoa",,0
2200,1.0,2.0,16,83592023,120,98,Donostia-San Sebastián,"Donostialdea, Guipúzcoa",,0
1800,3.0,4.0,16,83592028,150,138,Donostia-San Sebastián,"Donostialdea, Guipúzcoa",,0
2400,2.0,4.0,16,83907316,242,214,Donostia-San Sebastián,"Donostialdea, Guipúzcoa",1900,0
1450,2.0,2.0,21,84480168,80,74,Donostia-San Sebastián,"Donostialdea, Guipúzcoa",,0
1250,2.0,3.0,21,84554078,100,95,Donostia-San Sebastián,"Donostialdea, Guipúzcoa",1954,0
950,2.0,2.0,16,82274035,62,55,Irun,"Bajo Bidasoa, Guipúzcoa",2018,0
800,2.0,3.0,18,84847229,90,85,Irun,"Bajo Bidasoa, Guipúzcoa",2004,0
950,1.0,1.0,21,84153777,42,,Donostia-San Sebastián,"Donostialdea, Guipúzcoa",,0
1800,3.0,4.0,22,36137694,252,,Donostia-San Sebastián,"Donostialdea, Guipúzcoa",,1
1250,1.0,1.0,16,84040943,45,43,Donostia-San Sebastián,"Donostialdea, Guipúzcoa",,0
1050,1.0,1.0,16,84327775,45,43,Donostia-San Sebastián,"Donostialdea, Guipúzcoa",,0
800,1.0,2.0,16,84569337,50,,Donostia-San Sebastián,"Donostialdea, Guipúzcoa",2009,1
950,2.0,3.0,16,84553466,100,85,Astigarraga,"Donostialdea, Guipúzcoa",2011,1
750,1.0,1.0,21,84626882,54,43,Pasaia,"Donostialdea, Guipúzcoa",2005,1
3500,3.0,4.0,16,39675386,170,,Donostia-San Sebastián,"Donostialdea, Guipúzcoa",1959,0
1700,2.0,5.0,18,33092870,130,115,Donostia-San Sebastián,"Donostialdea, Guipúzcoa",,0
900,1.0,3.0,16,39390370,90,85,Donostia-San Sebastián,"Donostialdea, Guipúzcoa",1920,0
2000,2.0,3.0,16,84867298,110,95,Donostia-San Sebastián,"Donostialdea, Guipúzcoa",1970,0
960,1.0,1.0,16,35413393,48,,Donostia-San Sebastián,"Donostialdea, Guipúzcoa",,0
950,1.0,1.0,16,84592903,46,,Donostia-San Sebastián,"Donostialdea, Guipúzcoa",,0
990,1.0,1.0,16,84690691,58,,Donostia-San Sebastián,"Donostialdea, Guipúzcoa",,0
1400,2.0,2.0,16,84034445,90,77,Donostia-San Sebastián,"Donostialdea, Guipúzcoa",1993,1
950,1.0,1.0,16,84173962,50,42,Donostia-San Sebastián,"Donostialdea, Guipúzcoa",2005,0
1400,2.0,3.0,16,82731347,120,110,Donostia-San Sebastián,"Donostialdea, Guipúzcoa",,0
950,1.0,2.0,16,84531502,72,65,Donostia-San Sebastián,"Donostialdea, Guipúzcoa",,1
1400,2.0,2.0,16,81569822,75,65,Donostia-San Sebastián,"Donostialdea, Guipúzcoa",,0
2500,2.0,4.0,16,83591860,110,100,Donostia-San Sebastián,"Donostialdea, Guipúzcoa",,0
750,1.0,0.0,20,35144215,60,55,Donostia-San Sebastián,"Donostialdea, Guipúzcoa",2000,0
1400,2.0,2.0,16,83762623,90,78,Donostia-San Sebastián,"Donostialdea, Guipúzcoa",1993,1
1200,2.0,2.0,16,28634469,85,80,Donostia-San Sebastián,"Donostialdea, Guipúzcoa",,0
1600,2.0,2.0,16,81569815,74,64,Donostia-San Sebastián,"Donostialdea, Guipúzcoa",,0
900,1.0,1.0,16,31256386,45,,Donostia-San Sebastián,"Donostialdea, Guipúzcoa",,0
1900,2.0,2.0,16,82270932,89,84,Donostia-San Sebastián,"Donostialdea, Guipúzcoa",,0
2500,4.0,4.0,16,82246815,230,200,Donostia-San Sebastián,"Donostialdea, Guipúzcoa",1966,0
1500,1.0,2.0,16,84835523,65,,Donostia-San Sebastián,"Donostialdea, Guipúzcoa",,0
950,2.0,2.0,16,84743091,60,,Donostia-San Sebastián,"Donostialdea, Guipúzcoa",,0
900,2.0,2.0,16,84801567,80,70,Donostia-San Sebastián,"Donostialdea, Guipúzcoa",,0
2000,3.0,5.0,16,84802763,185,180,Donostia-San Sebastián,"Donostialdea, Guipúzcoa",,0
2800,3.0,3.0,16,32462731,170,155,Donostia-San Sebastián,"Donostialdea, Guipúzcoa",1966,0
1150,2.0,3.0,16,84806816,82,75,Donostia-San Sebastián,"Donostialdea, Guipúzcoa",,0
900,1.0,2.0,16,84818307,75,70,Donostia-San Sebastián,"Donostialdea, Guipúzcoa",,0
900,1.0,3.0,16,84819149,70,67,Donostia-San Sebastián,"Donostialdea, Guipúzcoa",1965,0
690,1.0,1.0,16,84819740,50,48,Renteria / Errenteria,"Donostialdea, Guipúzcoa",,0
700,1.0,1.0,16,84844304,52,50,Hondarribia,"Bajo Bidasoa, Guipúzcoa",2002,0
1100,1.0,1.0,16,82388625,41,40,Donostia-San Sebastián,"Donostialdea, Guipúzcoa",,0
850,3.0,3.0,18,82473506,138,120,Beasain,"Goierri, Guipúzcoa",,0
1550,2.0,3.0,16,84854654,120,,Donostia-San Sebastián,"Donostialdea, Guipúzcoa",,0
1200,2.0,3.0,18,84862431,126,110,Astigarraga,"Donostialdea, Guipúzcoa",2006,1
720,1.0,2.0,16,84866029,65,58,Irun,"Bajo Bidasoa, Guipúzcoa",,0
1550,2.0,3.0,16,84870377,130,120,Donostia-San Sebastián,"Donostialdea, Guipúzcoa",,0
1150,2.0,3.0,16,84873493,97,84,Hondarribia,"Bajo Bidasoa, Guipúzcoa",1960,1
1200,1.0,2.0,16,32676935,62,,Donostia-San Sebastián,"Donostialdea, Guipúzcoa",1900,0
900,1.0,1.0,16,34812776,45,40,Donostia-San Sebastián,"Donostialdea, Guipúzcoa",,0
650,2.0,3.0,16,1120889,80,78,Donostia-San Sebastián,"Donostialdea, Guipúzcoa",,1
1070,1.0,3.0,16,32807339,65,,Donostia-San Sebastián,"Donostialdea, Guipúzcoa",,0
600,1.0,2.0,16,33301743,60,55,Donostia-San Sebastián,"Donostialdea, Guipúzcoa",,0
1050,1.0,3.0,16,30658596,80,,Donostia-San Sebastián,"Donostialdea, Guipúzcoa",,0
1050,1.0,1.0,16,84321598,50,43,Donostia-San Sebastián,"Donostialdea, Guipúzcoa",1900,0
1300,2.0,3.0,16,39194047,95,84,Donostia-San Sebastián,"Donostialdea, Guipúzcoa",1998,1
1400,2.0,3.0,16,83856542,100,85,Donostia-San Sebastián,"Donostialdea, Guipúzcoa",1900,0
1180,1.0,2.0,16,84396188,73,,Donostia-San Sebastián,"Donostialdea, Guipúzcoa",2019,1
1100,1.0,2.0,16,84399008,90,83,Donostia-San Sebastián,"Donostialdea, Guipúzcoa",2008,0
1200,2.0,3.0,16,84305122,87,,Donostia-San Sebastián,"Donostialdea, Guipúzcoa",2019,1
900,1.0,2.0,16,84558917,50,,Donostia-San Sebastián,"Donostialdea, Guipúzcoa",,0
